﻿<?xml version="1.0" encoding="utf-8"?>
<deployment>
  <id>ab2d16a2-6935-488b-8c3b-9b3feb17647c</id>
  <author>N/A</author>
  <deployer>OneDeploy</deployer>
  <authorEmail>N/A</authorEmail>
  <message>OneDeploy</message>
  <progress></progress>
  <status>Success</status>
  <statusText></statusText>
  <lastSuccessEndTime>2025-12-04T11:23:16.0674477Z</lastSuccessEndTime>
  <receivedTime>2025-12-04T11:19:48.7309338Z</receivedTime>
  <startTime>2025-12-04T11:19:50.1444226Z</startTime>
  <endTime>2025-12-04T11:23:16.0674477Z</endTime>
  <complete>True</complete>
  <is_temp>False</is_temp>
  <is_readonly>True</is_readonly>
  <buildSummary />
</deployment>