<step title="BackgroundTrace" date="2025-12-04T10:41:13.520" instance="ead10c" url="/api/publish" method="POST" >
  <step title="Creating temporary deployment - FetchDeploymentManager" date="2025-12-04T10:41:13.980" /><!-- duration: 16ms -->
  <step title="Creating temporary deployment" date="2025-12-04T10:41:14.056" /><!-- duration: 335ms -->
  <step title="Performing fetch based deployment" date="2025-12-04T10:41:14.571" >
    <step title="Cleaning up temp folders from previous zip deployments and extracting pushed zip file /tmp/zipdeploy/04a59759-4e80-428d-8b96-a9f595f6c7a1.zip (0.36 MB) to /tmp/zipdeploy/extracted" date="2025-12-04T10:41:15.907" >
      <step title="ChmodRecursive Process exited with total time taken in ms: 84" date="2025-12-04T10:41:16.207" /><!-- duration: 10ms -->
    </step><!-- duration: 318ms -->
    <step title="Deployment timer started" date="2025-12-04T10:41:18.268" >
      <step title="DeploymentManager.Deploy(id:6b1f5366-4ca8-433c-bec6-44a1096687bb)" date="2025-12-04T10:41:18.479" >
        <step title="Collecting changeset information" date="2025-12-04T10:41:18.585" /><!-- duration: 236ms -->
        <step title="Updating submodules" date="2025-12-04T10:41:18.892" /><!-- duration: 1341ms -->
        <step title="Determining deployment builder" date="2025-12-04T10:41:20.787" >
          <step title="Builder is OryxBuilder" date="2025-12-04T10:41:20.839" /><!-- duration: 27ms -->
        </step><!-- duration: 108ms -->
        <step title="PreDeployment: context.CleanOutputPath False" date="2025-12-04T10:41:20.994" >
          <step title="PreDeployment: context.OutputPath /home/site/wwwroot" date="2025-12-04T10:41:21.258" >
            <step title="Building" date="2025-12-04T10:41:21.655" >
              <step title="Executing external process" date="2025-12-04T10:41:22.520" type="process" path="bash" arguments="-c &quot;oryx build /tmp/zipdeploy/extracted -o /home/site/wwwroot --platform python --platform-version 3.11 -p virtualenv_name=antenv --log-file /tmp/build-debug.log  -i /tmp/8de3321a9d1f7a5 --compress-destination-dir | tee /tmp/oryx-build.log ; exit $PIPESTATUS &quot;" >
                <step title="Cpu: python(1164,24.830s)+ts(1165,0.150s)+build.sh(1163,0.000s)+build.sh(1162,0.000s)+build.sh(1076,0.080s)+oryx(1056,4.420s)+tee(1057,0.010s)+bash(1055,0.000s)=total(29.490s)" date="2025-12-04T10:42:59.692" /><!-- duration: 31ms -->
                <step title="bash: no io activity for 61s, prev-cpu=-1.000s, current-cpu=29.490s" date="2025-12-04T10:42:59.751" /><!-- duration: 12ms -->
              </step><!-- duration: 145409ms -->
              <step title="Using PythonDeploymentLogParser" date="2025-12-04T10:43:48.340" /><!-- duration: 4ms -->
              <step title="Modified file to trigger a restart of the app container." date="2025-12-04T10:43:49.653" /><!-- duration: 5ms -->
              <step title="Skip function trigger and logicapp sync because function is not enabled." date="2025-12-04T10:43:49.662" /><!-- duration: 13ms -->
            </step><!-- duration: 148796ms -->
          </step><!-- duration: 149203ms -->
          <step title="Cleaning up temp files" date="2025-12-04T10:43:50.464" /><!-- duration: 3476ms -->
          <step title="Cleaning up temp files" date="2025-12-04T10:43:53.953" /><!-- duration: 540ms -->
          <step title="Reloading status file with latest updates" date="2025-12-04T10:43:54.540" >
            <step title="WebHooksManager.PublishEventAsync: PostDeployment" date="2025-12-04T10:43:54.566" /><!-- duration: 99ms -->
          </step><!-- duration: 138ms -->
          <step title="Cleaning up temporary deployment - fetch deployment was successful" date="2025-12-04T10:43:54.715" /><!-- duration: 10ms -->
        </step><!-- duration: 153899ms -->
      </step><!-- duration: 156477ms -->
