<step title="Incoming Request" date="2025-12-04T11:19:44.556" instance="ead10c" url="/api/publish?type=zip&amp;async=False" method="POST" type="request" pid="769,1,5" Accept="*/*" Host="docu-chain-api.scm.azurewebsites.net" User-Agent="AZURECLI/2.81.0 (MSI)" Accept-Encoding="gzip, deflate" Authorization="Bea..." Cache-Control="no-cache" Content-Type="application/octet-stream" Cookie="ARRAffinity=ead10cea67e8f870f49063668b8834fb9e8504bba74b2866ec62a30d2cc9a094; ARRAffinitySameSite=ead10cea67e8f870f49063668b8834fb9e8504bba74b2866ec62a30d2cc9a094" Content-Length="379500" x-ms-client-request-id="048a5bc6-d103-11f0-b81f-44a3bbe38496" x-ms-artifact-checksum="53ab1b843e7e8ac0fa4ef1fd7c560b99445149ff60e82eeaa6c07c520f41221a" X-ARR-LOG-ID="048a5bc6-d103-11f0-b81f-44a3bbe38496" CLIENT-IP="124.40.247.145:56091" X-SITE-DEPLOYMENT-ID="docu-chain-api" WAS-DEFAULT-HOSTNAME="docu-chain-api.scm.azurewebsites.net" X-Forwarded-Proto="https" X-AppService-Proto="https" X-Forwarded-TlsVersion="1.3" X-WAWS-Unencoded-URL="/api/publish?type=zip&amp;async=False" X-Client-IP="124.40.247.145" X-Client-Port="56091" >
  <step title="OneDeploy" date="2025-12-04T11:19:44.654" >
    <step title="None repository commit" date="2025-12-04T11:19:44.668" >
      <step title="Commit id: ab2d16a2-6935-488b-8c3b-9b3feb17647c" date="2025-12-04T11:19:44.673" Message="N/A" AuthorName="N/A" AuthorEmail="N/A" /><!-- duration: 4ms -->
    </step><!-- duration: 12ms -->
    <step title="Starting PushDeployAsync" date="2025-12-04T11:19:44.685" /><!-- duration: 4ms -->
    <step title="Writing artifact to /tmp/zipdeploy/a9923ccc-6fd2-4e64-ad5a-a2b02cef1e5e.zip" date="2025-12-04T11:19:44.712" >
      <step title="Writing multipart request body to /tmp/zipdeploy/a9923ccc-6fd2-4e64-ad5a-a2b02cef1e5e.zip" date="2025-12-04T11:19:44.717" /><!-- duration: 12ms -->
    </step><!-- duration: 87ms -->
    <step title="Removing previous build artifact&apos;s manifest file" date="2025-12-04T11:19:44.820" >
      <step title="Attempting to fetch target branch HEAD" date="2025-12-04T11:19:44.848" /><!-- duration: 4ms -->
      <step title="Acquiring Deployment Lock" date="2025-12-04T11:19:44.857" /><!-- duration: 10ms -->
      <step title="Acquired Deployment Lock" date="2025-12-04T11:19:44.944" /><!-- duration: 15ms -->
      <step title="Performing fetch based deployment" date="2025-12-04T11:19:44.966" >
        <step title="Creating temporary deployment" date="2025-12-04T11:19:44.970" /><!-- duration: 51ms -->
        <step title="Releasing Deployment Lock" date="2025-12-04T11:19:46.204" /><!-- duration: 7ms -->
        <step title="Cleaning up temp folders from previous zip deployments and extracting pushed zip file /tmp/zipdeploy/a9923ccc-6fd2-4e64-ad5a-a2b02cef1e5e.zip (0.36 MB) to /tmp/zipdeploy/extracted" date="2025-12-04T11:19:46.397" >
          <step title="ChmodRecursive Process exited with total time taken in ms: 111" date="2025-12-04T11:19:46.609" /><!-- duration: 20ms -->
        </step><!-- duration: 240ms -->
        <step title="None repository commit" date="2025-12-04T11:19:46.648" >
          <step title="Commit id: ab2d16a2-6935-488b-8c3b-9b3feb17647c" date="2025-12-04T11:19:46.651" Message="OneDeploy" AuthorName="N/A" AuthorEmail="N/A" /><!-- duration: 3ms -->
        </step><!-- duration: 9ms -->
        <step title="Deployment timer started" date="2025-12-04T11:19:48.662" >
          <step title="DeploymentManager.Deploy(id:ab2d16a2-6935-488b-8c3b-9b3feb17647c)" date="2025-12-04T11:19:48.669" >
            <step title="Collecting changeset information" date="2025-12-04T11:19:48.695" /><!-- duration: 115ms -->
            <step title="Updating submodules" date="2025-12-04T11:19:48.817" /><!-- duration: 1157ms -->
            <step title="Determining deployment builder" date="2025-12-04T11:19:50.226" >
              <step title="Builder is OryxBuilder" date="2025-12-04T11:19:50.243" /><!-- duration: 3ms -->
            </step><!-- duration: 25ms -->
            <step title="PreDeployment: context.CleanOutputPath False" date="2025-12-04T11:19:50.313" >
              <step title="PreDeployment: context.OutputPath /home/site/wwwroot" date="2025-12-04T11:19:50.497" >
                <step title="Building" date="2025-12-04T11:19:50.649" >
                  <step title="Executing external process" date="2025-12-04T11:19:51.041" type="process" path="bash" arguments="-c &quot;oryx build /tmp/zipdeploy/extracted -o /home/site/wwwroot --platform python --platform-version 3.11 -p virtualenv_name=antenv --log-file /tmp/build-debug.log  -i /tmp/8de33270a4a2a02 --compress-destination-dir | tee /tmp/oryx-build.log ; exit $PIPESTATUS &quot;" >
                    <step title="Cpu: gzip(996,13.130s)+sh(995,0.000s)+tar(994,1.510s)+build.sh(818,0.120s)+oryx(798,6.580s)+tee(799,0.010s)+bash(797,0.000s)=total(21.330s)" date="2025-12-04T11:23:01.793" /><!-- duration: 150ms -->
                    <step title="bash: no io activity for 60s, prev-cpu=-1.000s, current-cpu=21.330s" date="2025-12-04T11:23:02.033" /><!-- duration: 19ms -->
                  </step><!-- duration: 201971ms -->
                  <step title="Using PythonDeploymentLogParser" date="2025-12-04T11:23:13.608" /><!-- duration: 10ms -->
                  <step title="Modified file to trigger a restart of the app container." date="2025-12-04T11:23:15.438" /><!-- duration: 3ms -->
                  <step title="Skip function trigger and logicapp sync because function is not enabled." date="2025-12-04T11:23:15.541" /><!-- duration: 13ms -->
                </step><!-- duration: 206522ms -->
              </step><!-- duration: 206730ms -->
              <step title="Cleaning up temp files" date="2025-12-04T11:23:17.248" /><!-- duration: 4897ms -->
              <step title="Cleaning up temp files" date="2025-12-04T11:23:22.194" /><!-- duration: 528ms -->
              <step title="Reloading status file with latest updates" date="2025-12-04T11:23:22.785" >
                <step title="WebHooksManager.PublishEventAsync: PostDeployment" date="2025-12-04T11:23:22.792" /><!-- duration: 203ms -->
              </step><!-- duration: 219ms -->
              <step title="Cleaning up temporary deployment - fetch deployment was successful" date="2025-12-04T11:23:23.018" /><!-- duration: 7ms -->
            </step><!-- duration: 212862ms -->
          </step><!-- duration: 214547ms -->
          <step title="Outgoing response" date="2025-12-04T11:23:23.268" type="response" statusCode="200" statusText="OK" /><!-- duration: 6ms -->
        </step><!-- duration: 214615ms -->
