<step title="Incoming Request" date="2025-12-04T11:11:12.913" instance="ead10c" url="/api/publish?type=zip&amp;async=False" method="POST" type="request" pid="768,1,23" Accept="*/*" Host="docu-chain-api.scm.azurewebsites.net" User-Agent="AZURECLI/2.81.0 (MSI)" Accept-Encoding="gzip, deflate" Authorization="Bea..." Cache-Control="no-cache" Content-Type="application/octet-stream" Cookie="ARRAffinity=ead10cea67e8f870f49063668b8834fb9e8504bba74b2866ec62a30d2cc9a094; ARRAffinitySameSite=ead10cea67e8f870f49063668b8834fb9e8504bba74b2866ec62a30d2cc9a094" Content-Length="379500" x-ms-client-request-id="e6a12df4-d101-11f0-bab6-44a3bbe38496" x-ms-artifact-checksum="53ab1b843e7e8ac0fa4ef1fd7c560b99445149ff60e82eeaa6c07c520f41221a" X-ARR-LOG-ID="e6a12df4-d101-11f0-bab6-44a3bbe38496" CLIENT-IP="124.40.247.145:54936" X-SITE-DEPLOYMENT-ID="docu-chain-api" WAS-DEFAULT-HOSTNAME="docu-chain-api.scm.azurewebsites.net" X-Forwarded-Proto="https" X-AppService-Proto="https" X-Forwarded-TlsVersion="1.3" X-WAWS-Unencoded-URL="/api/publish?type=zip&amp;async=False" X-Client-IP="124.40.247.145" X-Client-Port="54936" >
  <step title="OneDeploy" date="2025-12-04T11:11:12.928" >
    <step title="Starting PushDeployAsync" date="2025-12-04T11:11:12.936" /><!-- duration: 5ms -->
    <step title="Writing artifact to /tmp/zipdeploy/599ca2db-7953-4bc4-b112-1e14e361e6f5.zip" date="2025-12-04T11:11:12.956" >
      <step title="Writing multipart request body to /tmp/zipdeploy/599ca2db-7953-4bc4-b112-1e14e361e6f5.zip" date="2025-12-04T11:11:12.960" /><!-- duration: 4ms -->
    </step><!-- duration: 62ms -->
    <step title="Removing previous build artifact&apos;s manifest file" date="2025-12-04T11:11:13.027" >
      <step title="Attempting to fetch target branch HEAD" date="2025-12-04T11:11:13.045" /><!-- duration: 5ms -->
      <step title="Acquiring Deployment Lock" date="2025-12-04T11:11:13.055" /><!-- duration: 9ms -->
      <step title="Acquired Deployment Lock" date="2025-12-04T11:11:13.089" /><!-- duration: 3ms -->
      <step title="Performing fetch based deployment" date="2025-12-04T11:11:13.099" >
        <step title="Creating temporary deployment" date="2025-12-04T11:11:13.102" /><!-- duration: 46ms -->
        <step title="Releasing Deployment Lock" date="2025-12-04T11:11:14.420" /><!-- duration: 32ms -->
        <step title="Cleaning up temp folders from previous zip deployments and extracting pushed zip file /tmp/zipdeploy/599ca2db-7953-4bc4-b112-1e14e361e6f5.zip (0.36 MB) to /tmp/zipdeploy/extracted" date="2025-12-04T11:11:14.591" >
          <step title="ChmodRecursive Process exited with total time taken in ms: 96" date="2025-12-04T11:11:14.817" /><!-- duration: 10ms -->
        </step><!-- duration: 239ms -->
        <step title="None repository commit" date="2025-12-04T11:11:14.837" >
          <step title="Commit id: 4e45f58f-ad19-45ea-929b-a7f49e453446" date="2025-12-04T11:11:14.847" Message="OneDeploy" AuthorName="N/A" AuthorEmail="N/A" /><!-- duration: 4ms -->
        </step><!-- duration: 17ms -->
        <step title="Deployment timer started" date="2025-12-04T11:11:16.881" >
          <step title="DeploymentManager.Deploy(id:4e45f58f-ad19-45ea-929b-a7f49e453446)" date="2025-12-04T11:11:16.901" >
            <step title="Collecting changeset information" date="2025-12-04T11:11:16.969" /><!-- duration: 193ms -->
            <step title="Updating submodules" date="2025-12-04T11:11:17.191" /><!-- duration: 1337ms -->
            <step title="Determining deployment builder" date="2025-12-04T11:11:18.822" >
              <step title="Builder is OryxBuilder" date="2025-12-04T11:11:18.861" /><!-- duration: 20ms -->
            </step><!-- duration: 77ms -->
            <step title="PreDeployment: context.CleanOutputPath False" date="2025-12-04T11:11:19.022" >
              <step title="PreDeployment: context.OutputPath /home/site/wwwroot" date="2025-12-04T11:11:19.184" >
                <step title="Building" date="2025-12-04T11:11:19.378" >
                  <step title="Executing external process" date="2025-12-04T11:11:19.837" type="process" path="bash" arguments="-c &quot;oryx build /tmp/zipdeploy/extracted -o /home/site/wwwroot --platform python --platform-version 3.11 -p virtualenv_name=antenv --log-file /tmp/build-debug.log  -i /tmp/8de3325d98124a9 --compress-destination-dir | tee /tmp/oryx-build.log ; exit $PIPESTATUS &quot;" >
                    <step title="Cpu: python(1256,28.970s)+ts(1257,0.130s)+build.sh(1254,0.000s)+build.sh(1253,0.000s)+build.sh(1168,0.070s)+oryx(1148,4.480s)+tee(1149,0.000s)+bash(1147,0.000s)=total(33.640s)" date="2025-12-04T11:12:56.004" /><!-- duration: 20ms -->
                    <step title="bash: no io activity for 61s, prev-cpu=-1.000s, current-cpu=33.640s" date="2025-12-04T11:12:56.065" /><!-- duration: 21ms -->
                  </step><!-- duration: 135943ms -->
                  <step title="Using PythonDeploymentLogParser" date="2025-12-04T11:13:36.324" /><!-- duration: 11ms -->
                  <step title="Modified file to trigger a restart of the app container." date="2025-12-04T11:13:38.182" /><!-- duration: 4ms -->
                  <step title="Skip function trigger and logicapp sync because function is not enabled." date="2025-12-04T11:13:38.191" /><!-- duration: 9ms -->
                </step><!-- duration: 139861ms -->
              </step><!-- duration: 140062ms -->
              <step title="Cleaning up temp files" date="2025-12-04T11:13:39.249" /><!-- duration: 2559ms -->
              <step title="Cleaning up temp files" date="2025-12-04T11:13:41.814" /><!-- duration: 506ms -->
              <step title="Reloading status file with latest updates" date="2025-12-04T11:13:42.358" >
                <step title="WebHooksManager.PublishEventAsync: PostDeployment" date="2025-12-04T11:13:42.367" /><!-- duration: 77ms -->
              </step><!-- duration: 90ms -->
              <step title="Cleaning up temporary deployment - fetch deployment was successful" date="2025-12-04T11:13:42.465" /><!-- duration: 4ms -->
            </step><!-- duration: 143549ms -->
          </step><!-- duration: 145791ms -->
          <step title="Outgoing response" date="2025-12-04T11:13:42.939" type="response" statusCode="200" statusText="OK" /><!-- duration: 20ms -->
        </step><!-- duration: 146087ms -->
