﻿<?xml version="1.0" encoding="utf-8"?>
<deployment>
  <id>4e45f58f-ad19-45ea-929b-a7f49e453446</id>
  <author>N/A</author>
  <deployer>OneDeploy</deployer>
  <authorEmail>N/A</authorEmail>
  <message>OneDeploy</message>
  <progress></progress>
  <status>Success</status>
  <statusText></statusText>
  <lastSuccessEndTime>2025-12-04T11:13:38.657805Z</lastSuccessEndTime>
  <receivedTime>2025-12-04T11:11:17.0459543Z</receivedTime>
  <startTime>2025-12-04T11:11:18.7289368Z</startTime>
  <endTime>2025-12-04T11:13:38.657805Z</endTime>
  <complete>True</complete>
  <is_temp>False</is_temp>
  <is_readonly>True</is_readonly>
  <buildSummary />
</deployment>