<step title="Incoming Request" date="2025-12-04T10:18:14.764" instance="b6fb6c" url="/api/publish?type=zip" method="POST" type="request" pid="770,1,24" Accept="*/*" Host="docu-chain-api.scm.azurewebsites.net" User-Agent="AZURECLI/2.81.0 (MSI)" Accept-Encoding="gzip, deflate" Authorization="Bea..." Cache-Control="no-cache" Content-Type="application/octet-stream" Cookie="ARRAffinity=b6fb6c880260cf0d9960bbf7f86fdd24290155046ea7a680eec8969c03db7fc6; ARRAffinitySameSite=b6fb6c880260cf0d9960bbf7f86fdd24290155046ea7a680eec8969c03db7fc6" Content-Length="384952" x-ms-client-request-id="7ed171da-d0fa-11f0-9f5d-44a3bbe38496" x-ms-artifact-checksum="92052b2e2b67d8e256dca601163f91eee006e2515fec4ff838657db7e6a55ba0" X-ARR-LOG-ID="7ed171da-d0fa-11f0-9f5d-44a3bbe38496" CLIENT-IP="124.40.247.145:52792" X-SITE-DEPLOYMENT-ID="docu-chain-api" WAS-DEFAULT-HOSTNAME="docu-chain-api.scm.azurewebsites.net" X-Forwarded-Proto="https" X-AppService-Proto="https" X-Forwarded-TlsVersion="1.3" X-WAWS-Unencoded-URL="/api/publish?type=zip" X-Client-IP="124.40.247.145" X-Client-Port="52792" >
  <step title="Cleanup Xml Logs" date="2025-12-04T10:18:14.768" /><!-- duration: 8ms -->
  <step title="OneDeploy" date="2025-12-04T10:18:14.936" >
    <step title="None repository commit" date="2025-12-04T10:18:14.953" >
      <step title="Commit id: d8bd0885-232a-4f41-aba0-f742b7bd97a0" date="2025-12-04T10:18:14.956" Message="N/A" AuthorName="N/A" AuthorEmail="N/A" /><!-- duration: 4ms -->
    </step><!-- duration: 12ms -->
    <step title="Starting PushDeployAsync" date="2025-12-04T10:18:14.969" /><!-- duration: 4ms -->
    <step title="Writing artifact to /tmp/zipdeploy/52ee29f7-6ef8-4501-893b-6d065d940f90.zip" date="2025-12-04T10:18:15.032" >
      <step title="Writing multipart request body to /tmp/zipdeploy/52ee29f7-6ef8-4501-893b-6d065d940f90.zip" date="2025-12-04T10:18:15.047" /><!-- duration: 4ms -->
    </step><!-- duration: 246ms -->
    <step title="Attempting to fetch target branch HEAD" date="2025-12-04T10:18:15.291" /><!-- duration: 4ms -->
    <step title="Acquiring Deployment Lock" date="2025-12-04T10:18:15.300" /><!-- duration: 4ms -->
    <step title="Acquired Deployment Lock" date="2025-12-04T10:18:15.468" /><!-- duration: 4ms -->
    <step title="Performing fetch based deployment" date="2025-12-04T10:18:15.482" >
      <step title="Creating temporary deployment" date="2025-12-04T10:18:15.488" /><!-- duration: 72ms -->
      <step title="Releasing Deployment Lock" date="2025-12-04T10:18:16.745" /><!-- duration: 16ms -->
      <step title="Cleaning up temp folders from previous zip deployments and extracting pushed zip file /tmp/zipdeploy/52ee29f7-6ef8-4501-893b-6d065d940f90.zip (0.37 MB) to /tmp/zipdeploy/extracted" date="2025-12-04T10:18:16.889" >
        <step title="ChmodRecursive Process exited with total time taken in ms: 110" date="2025-12-04T10:18:17.181" /><!-- duration: 4ms -->
      </step><!-- duration: 304ms -->
      <step title="None repository commit" date="2025-12-04T10:18:17.206" >
        <step title="Commit id: d8bd0885-232a-4f41-aba0-f742b7bd97a0" date="2025-12-04T10:18:17.211" Message="OneDeploy" AuthorName="N/A" AuthorEmail="N/A" /><!-- duration: 4ms -->
      </step><!-- duration: 12ms -->
      <step title="Deployment timer started" date="2025-12-04T10:18:19.248" >
        <step title="DeploymentManager.Deploy(id:d8bd0885-232a-4f41-aba0-f742b7bd97a0)" date="2025-12-04T10:18:19.307" >
          <step title="Collecting changeset information" date="2025-12-04T10:18:19.351" /><!-- duration: 98ms -->
          <step title="Updating submodules" date="2025-12-04T10:18:19.455" /><!-- duration: 1128ms -->
          <step title="Determining deployment builder" date="2025-12-04T10:18:20.855" >
            <step title="Builder is OryxBuilder" date="2025-12-04T10:18:20.867" /><!-- duration: 7ms -->
          </step><!-- duration: 24ms -->
          <step title="PreDeployment: context.CleanOutputPath False" date="2025-12-04T10:18:20.932" >
            <step title="PreDeployment: context.OutputPath /home/site/wwwroot" date="2025-12-04T10:18:21.067" >
              <step title="Building" date="2025-12-04T10:18:21.213" >
                <step title="Executing external process" date="2025-12-04T10:18:21.646" type="process" path="bash" arguments="-c &quot;oryx build /tmp/zipdeploy/extracted -o /home/site/wwwroot --platform python --platform-version 3.11 -p virtualenv_name=antenv --log-file /tmp/build-debug.log  -i /tmp/8de331e7340d7ba --compress-destination-dir | tee /tmp/oryx-build.log ; exit $PIPESTATUS &quot;" /><!-- duration: 142799ms -->
                <step title="Using PythonDeploymentLogParser" date="2025-12-04T10:20:44.992" /><!-- duration: 4ms -->
                <step title="Modified file to trigger a restart of the app container." date="2025-12-04T10:20:46.349" /><!-- duration: 11ms -->
                <step title="Skip function trigger and logicapp sync because function is not enabled." date="2025-12-04T10:20:46.370" /><!-- duration: 9ms -->
                <step title="Purge deployment items" date="2025-12-04T10:20:47.736" >
                  <step title="Remove 85200251-, Failed, received at 12/04/2025 08:12:56" date="2025-12-04T10:20:47.795" /><!-- duration: 4ms -->
                  <step title="Remove temp-f017, Failed, received at 12/04/2025 08:12:51" date="2025-12-04T10:20:47.872" /><!-- duration: 4ms -->
                </step><!-- duration: 144ms -->
              </step><!-- duration: 146741ms -->
            </step><!-- duration: 146893ms -->
            <step title="Cleaning up temp files" date="2025-12-04T10:20:47.963" /><!-- duration: 2340ms -->
            <step title="Cleaning up temp files" date="2025-12-04T10:20:50.310" /><!-- duration: 513ms -->
            <step title="Reloading status file with latest updates" date="2025-12-04T10:20:50.862" >
              <step title="WebHooksManager.PublishEventAsync: PostDeployment" date="2025-12-04T10:20:50.867" /><!-- duration: 291ms -->
            </step><!-- duration: 304ms -->
            <step title="Cleaning up temporary deployment - fetch deployment was successful" date="2025-12-04T10:20:51.175" /><!-- duration: 4ms -->
          </step><!-- duration: 150283ms -->
        </step><!-- duration: 151927ms -->
        <step title="Outgoing response" date="2025-12-04T10:20:51.279" type="response" statusCode="200" statusText="OK" /><!-- duration: 4ms -->
      </step><!-- duration: 152039ms -->
