﻿<?xml version="1.0" encoding="utf-8"?>
<deployment>
  <id>7e16a2b2-0505-4b99-b93b-23265a5c2541</id>
  <author>N/A</author>
  <deployer>Push-Deployer</deployer>
  <authorEmail>N/A</authorEmail>
  <message>Created via a push deployment</message>
  <progress></progress>
  <status>Success</status>
  <statusText></statusText>
  <lastSuccessEndTime>2025-12-04T13:20:49.7183624Z</lastSuccessEndTime>
  <receivedTime>2025-12-04T13:17:14.4964281Z</receivedTime>
  <startTime>2025-12-04T13:17:17.1468802Z</startTime>
  <endTime>2025-12-04T13:20:49.7183624Z</endTime>
  <complete>True</complete>
  <is_temp>False</is_temp>
  <is_readonly>True</is_readonly>
  <buildSummary />
</deployment>