﻿<?xml version="1.0" encoding="utf-8"?>
<deployment>
  <id>93d76081-8432-4038-9bf9-aaf0176096a3</id>
  <author>N/A</author>
  <deployer>OneDeploy</deployer>
  <authorEmail>N/A</authorEmail>
  <message>OneDeploy</message>
  <progress></progress>
  <status>Success</status>
  <statusText></statusText>
  <lastSuccessEndTime>2025-12-04T07:56:43.8209418Z</lastSuccessEndTime>
  <receivedTime>2025-12-04T07:53:41.2096941Z</receivedTime>
  <startTime>2025-12-04T07:53:42.6820581Z</startTime>
  <endTime>2025-12-04T07:56:43.8209418Z</endTime>
  <complete>True</complete>
  <is_temp>False</is_temp>
  <is_readonly>True</is_readonly>
  <buildSummary />
</deployment>