﻿<?xml version="1.0" encoding="utf-8"?>
<deployment>
  <id>ebef8fc8-1f76-437d-b6cf-8462d1243206</id>
  <author>N/A</author>
  <deployer>Push-Deployer</deployer>
  <authorEmail>N/A</authorEmail>
  <message>Created via a push deployment</message>
  <progress></progress>
  <status>Success</status>
  <statusText></statusText>
  <lastSuccessEndTime>2025-12-04T13:09:51.8388069Z</lastSuccessEndTime>
  <receivedTime>2025-12-04T13:06:56.9369739Z</receivedTime>
  <startTime>2025-12-04T13:06:58.3580522Z</startTime>
  <endTime>2025-12-04T13:09:51.8388069Z</endTime>
  <complete>True</complete>
  <is_temp>False</is_temp>
  <is_readonly>True</is_readonly>
  <buildSummary />
</deployment>