<step title="Incoming Request" date="2025-12-04T07:53:35.604" instance="b6fb6c" url="/api/publish?type=zip" method="POST" type="request" pid="770,1,5" Accept="*/*" Host="docu-chain-api.scm.azurewebsites.net" User-Agent="AZURECLI/2.81.0 (MSI)" Accept-Encoding="gzip, deflate" Authorization="Bea..." Cache-Control="no-cache" Content-Type="application/octet-stream" Content-Length="384535" x-ms-client-request-id="3e9d6e45-d0e6-11f0-90dc-44a3bbe38496" x-ms-artifact-checksum="fcb35f8ce09e60fbc3373a4e9afe579f37a4c8505bb3959eb81d8286bb84fe57" X-ARR-LOG-ID="3e9d6e45-d0e6-11f0-90dc-44a3bbe38496" CLIENT-IP="124.40.247.145:59638" X-SITE-DEPLOYMENT-ID="docu-chain-api" WAS-DEFAULT-HOSTNAME="docu-chain-api.scm.azurewebsites.net" X-Forwarded-Proto="https" X-AppService-Proto="https" X-Forwarded-TlsVersion="1.3" X-WAWS-Unencoded-URL="/api/publish?type=zip" X-Client-IP="124.40.247.145" X-Client-Port="59638" >
  <step title="OneDeploy" date="2025-12-04T07:53:36.673" >
    <step title="None repository commit" date="2025-12-04T07:53:36.685" >
      <step title="Commit id: 93d76081-8432-4038-9bf9-aaf0176096a3" date="2025-12-04T07:53:36.689" Message="N/A" AuthorName="N/A" AuthorEmail="N/A" /><!-- duration: 5ms -->
    </step><!-- duration: 12ms -->
    <step title="Starting PushDeployAsync" date="2025-12-04T07:53:36.701" /><!-- duration: 4ms -->
    <step title="Writing artifact to /tmp/zipdeploy/96634d1d-4269-4fd4-896f-f4b8516028d3.zip" date="2025-12-04T07:53:36.718" >
      <step title="Writing multipart request body to /tmp/zipdeploy/96634d1d-4269-4fd4-896f-f4b8516028d3.zip" date="2025-12-04T07:53:36.723" /><!-- duration: 4ms -->
    </step><!-- duration: 139ms -->
    <step title="Attempting to fetch target branch HEAD" date="2025-12-04T07:53:36.916" /><!-- duration: 29ms -->
    <step title="Acquiring Deployment Lock" date="2025-12-04T07:53:36.959" /><!-- duration: 27ms -->
    <step title="Acquired Deployment Lock" date="2025-12-04T07:53:37.068" /><!-- duration: 21ms -->
    <step title="Performing fetch based deployment" date="2025-12-04T07:53:37.170" >
      <step title="Creating temporary deployment" date="2025-12-04T07:53:37.200" /><!-- duration: 330ms -->
      <step title="Releasing Deployment Lock" date="2025-12-04T07:53:38.743" /><!-- duration: 7ms -->
      <step title="Cleaning up temp folders from previous zip deployments and extracting pushed zip file /tmp/zipdeploy/96634d1d-4269-4fd4-896f-f4b8516028d3.zip (0.37 MB) to /tmp/zipdeploy/extracted" date="2025-12-04T07:53:38.798" >
        <step title="ChmodRecursive Process exited with total time taken in ms: 119" date="2025-12-04T07:53:39.072" /><!-- duration: 28ms -->
      </step><!-- duration: 310ms -->
      <step title="None repository commit" date="2025-12-04T07:53:39.112" >
        <step title="Commit id: 93d76081-8432-4038-9bf9-aaf0176096a3" date="2025-12-04T07:53:39.117" Message="OneDeploy" AuthorName="N/A" AuthorEmail="N/A" /><!-- duration: 4ms -->
      </step><!-- duration: 13ms -->
      <step title="Deployment timer started" date="2025-12-04T07:53:41.137" >
        <step title="DeploymentManager.Deploy(id:93d76081-8432-4038-9bf9-aaf0176096a3)" date="2025-12-04T07:53:41.150" >
          <step title="Collecting changeset information" date="2025-12-04T07:53:41.175" /><!-- duration: 97ms -->
          <step title="Updating submodules" date="2025-12-04T07:53:41.279" /><!-- duration: 1148ms -->
          <step title="Determining deployment builder" date="2025-12-04T07:53:42.832" >
            <step title="Builder is OryxBuilder" date="2025-12-04T07:53:42.901" /><!-- duration: 21ms -->
          </step><!-- duration: 111ms -->
          <step title="PreDeployment: context.CleanOutputPath False" date="2025-12-04T07:53:43.111" >
            <step title="PreDeployment: context.OutputPath /home/site/wwwroot" date="2025-12-04T07:53:43.515" >
              <step title="Building" date="2025-12-04T07:53:44.410" >
                <step title="Executing external process" date="2025-12-04T07:53:45.332" type="process" path="bash" arguments="-c &quot;oryx build /tmp/zipdeploy/extracted -o /home/site/wwwroot --platform python --platform-version 3.11 -p virtualenv_name=antenv --log-file /tmp/build-debug.log  -i /tmp/8de330a3ed0b108 --compress-destination-dir | tee /tmp/oryx-build.log ; exit $PIPESTATUS &quot;" >
                  <step title="Error occurred" date="2025-12-04T07:55:59.893" type="error" text="GetParentProcessLinux (921) failed.: Could not find a part of the path &apos;/proc/921/stat&apos;." stackTrace="   at Interop.ThrowExceptionForIoErrno(ErrorInfo errorInfo, String path, Boolean isDirError)
   at Microsoft.Win32.SafeHandles.SafeFileHandle.Open(String fullPath, FileMode mode, FileAccess access, FileShare share, FileOptions options, Int64 preallocationSize, UnixFileMode openPermissions, Int64&amp; fileLength, UnixFileMode&amp; filePermissions, Boolean failForSymlink, Boolean&amp; wasSymlink, Func`4 createOpenException)
   at System.IO.Strategies.OSFileStreamStrategy..ctor(String path, FileMode mode, FileAccess access, FileShare share, FileOptions options, Int64 preallocationSize, Nullable`1 unixCreateMode)
   at System.IO.StreamReader.ValidateArgsAndOpenPath(String path, Encoding encoding, Int32 bufferSize)
   at System.IO.File.ReadLines(String path)
   at Kudu.Core.Infrastructure.ProcessExtensions.GetParentProcessLinux(Process process, ITracer tracer) in /tmp/KuduLite/Kudu.Core/Infrastructure/ProcessExtensions.cs:line 155" /><!-- duration: 59ms -->
                  <step title="Error occurred" date="2025-12-04T07:56:00.044" type="error" text="GetParentProcessLinux (922) failed.: Could not find a part of the path &apos;/proc/922/stat&apos;." stackTrace="   at Interop.ThrowExceptionForIoErrno(ErrorInfo errorInfo, String path, Boolean isDirError)
   at Microsoft.Win32.SafeHandles.SafeFileHandle.Open(String fullPath, FileMode mode, FileAccess access, FileShare share, FileOptions options, Int64 preallocationSize, UnixFileMode openPermissions, Int64&amp; fileLength, UnixFileMode&amp; filePermissions, Boolean failForSymlink, Boolean&amp; wasSymlink, Func`4 createOpenException)
   at System.IO.Strategies.OSFileStreamStrategy..ctor(String path, FileMode mode, FileAccess access, FileShare share, FileOptions options, Int64 preallocationSize, Nullable`1 unixCreateMode)
   at System.IO.StreamReader.ValidateArgsAndOpenPath(String path, Encoding encoding, Int32 bufferSize)
   at System.IO.File.ReadLines(String path)
   at Kudu.Core.Infrastructure.ProcessExtensions.GetParentProcessLinux(Process process, ITracer tracer) in /tmp/KuduLite/Kudu.Core/Infrastructure/ProcessExtensions.cs:line 155" /><!-- duration: 39ms -->
                  <step title="Error occurred" date="2025-12-04T07:56:00.174" type="error" text="GetParentProcessLinux (923) failed.: Could not find a part of the path &apos;/proc/923/stat&apos;." stackTrace="   at Interop.ThrowExceptionForIoErrno(ErrorInfo errorInfo, String path, Boolean isDirError)
   at Microsoft.Win32.SafeHandles.SafeFileHandle.Open(String fullPath, FileMode mode, FileAccess access, FileShare share, FileOptions options, Int64 preallocationSize, UnixFileMode openPermissions, Int64&amp; fileLength, UnixFileMode&amp; filePermissions, Boolean failForSymlink, Boolean&amp; wasSymlink, Func`4 createOpenException)
   at System.IO.Strategies.OSFileStreamStrategy..ctor(String path, FileMode mode, FileAccess access, FileShare share, FileOptions options, Int64 preallocationSize, Nullable`1 unixCreateMode)
   at System.IO.StreamReader.ValidateArgsAndOpenPath(String path, Encoding encoding, Int32 bufferSize)
   at System.IO.File.ReadLines(String path)
   at Kudu.Core.Infrastructure.ProcessExtensions.GetParentProcessLinux(Process process, ITracer tracer) in /tmp/KuduLite/Kudu.Core/Infrastructure/ProcessExtensions.cs:line 155" /><!-- duration: 30ms -->
                  <step title="Error occurred" date="2025-12-04T07:56:00.273" type="error" text="GetParentProcessLinux (924) failed.: Could not find a part of the path &apos;/proc/924/stat&apos;." stackTrace="   at Interop.ThrowExceptionForIoErrno(ErrorInfo errorInfo, String path, Boolean isDirError)
   at Microsoft.Win32.SafeHandles.SafeFileHandle.Open(String fullPath, FileMode mode, FileAccess access, FileShare share, FileOptions options, Int64 preallocationSize, UnixFileMode openPermissions, Int64&amp; fileLength, UnixFileMode&amp; filePermissions, Boolean failForSymlink, Boolean&amp; wasSymlink, Func`4 createOpenException)
   at System.IO.Strategies.OSFileStreamStrategy..ctor(String path, FileMode mode, FileAccess access, FileShare share, FileOptions options, Int64 preallocationSize, Nullable`1 unixCreateMode)
   at System.IO.StreamReader.ValidateArgsAndOpenPath(String path, Encoding encoding, Int32 bufferSize)
   at System.IO.File.ReadLines(String path)
   at Kudu.Core.Infrastructure.ProcessExtensions.GetParentProcessLinux(Process process, ITracer tracer) in /tmp/KuduLite/Kudu.Core/Infrastructure/ProcessExtensions.cs:line 155" /><!-- duration: 14ms -->
                  <step title="Error occurred" date="2025-12-04T07:56:00.316" type="error" text="GetParentProcessLinux (980) failed.: Could not find a part of the path &apos;/proc/980/stat&apos;." stackTrace="   at Interop.ThrowExceptionForIoErrno(ErrorInfo errorInfo, String path, Boolean isDirError)
   at Microsoft.Win32.SafeHandles.SafeFileHandle.Open(String fullPath, FileMode mode, FileAccess access, FileShare share, FileOptions options, Int64 preallocationSize, UnixFileMode openPermissions, Int64&amp; fileLength, UnixFileMode&amp; filePermissions, Boolean failForSymlink, Boolean&amp; wasSymlink, Func`4 createOpenException)
   at System.IO.Strategies.OSFileStreamStrategy..ctor(String path, FileMode mode, FileAccess access, FileShare share, FileOptions options, Int64 preallocationSize, Nullable`1 unixCreateMode)
   at System.IO.StreamReader.ValidateArgsAndOpenPath(String path, Encoding encoding, Int32 bufferSize)
   at System.IO.File.ReadLines(String path)
   at Kudu.Core.Infrastructure.ProcessExtensions.GetParentProcessLinux(Process process, ITracer tracer) in /tmp/KuduLite/Kudu.Core/Infrastructure/ProcessExtensions.cs:line 155" /><!-- duration: 17ms -->
                  <step title="Cpu: build.sh(819,0.080s)+oryx(796,7.450s)+tee(797,0.000s)+bash(795,0.000s)=total(7.530s)" date="2025-12-04T07:56:00.435" /><!-- duration: 28ms -->
                  <step title="bash: no io activity for 61s, prev-cpu=-1.000s, current-cpu=7.530s" date="2025-12-04T07:56:00.486" /><!-- duration: 10ms -->
                </step><!-- duration: 176356ms -->
                <step title="Using PythonDeploymentLogParser" date="2025-12-04T07:56:42.156" /><!-- duration: 4ms -->
                <step title="Modified file to trigger a restart of the app container." date="2025-12-04T07:56:43.413" /><!-- duration: 6ms -->
                <step title="Skip function trigger and logicapp sync because function is not enabled." date="2025-12-04T07:56:43.433" /><!-- duration: 4ms -->
              </step><!-- duration: 179784ms -->
            </step><!-- duration: 180685ms -->
            <step title="Cleaning up temp files" date="2025-12-04T07:56:44.204" /><!-- duration: 2584ms -->
            <step title="Cleaning up temp files" date="2025-12-04T07:56:46.795" /><!-- duration: 516ms -->
            <step title="Reloading status file with latest updates" date="2025-12-04T07:56:47.347" >
              <step title="WebHooksManager.PublishEventAsync: PostDeployment" date="2025-12-04T07:56:47.365" /><!-- duration: 351ms -->
            </step><!-- duration: 372ms -->
            <step title="Cleaning up temporary deployment - fetch deployment was successful" date="2025-12-04T07:56:47.732" /><!-- duration: 4ms -->
          </step><!-- duration: 184674ms -->
        </step><!-- duration: 186665ms -->
        <step title="Outgoing response" date="2025-12-04T07:56:47.850" type="response" statusCode="200" statusText="OK" /><!-- duration: 4ms -->
      </step><!-- duration: 186722ms -->
