<step title="BackgroundTrace" date="2025-12-04T13:06:51.979" instance="ead10c" url="/api/zipdeploy" method="POST" >
  <step title="Creating temporary deployment - FetchDeploymentManager" date="2025-12-04T13:06:52.268" /><!-- duration: 4ms -->
  <step title="Creating temporary deployment" date="2025-12-04T13:06:52.338" /><!-- duration: 159ms -->
  <step title="Performing fetch based deployment" date="2025-12-04T13:06:52.692" >
    <step title="Cleaning up temp folders from previous zip deployments and extracting pushed zip file /tmp/zipdeploy/70dcf19a-17c2-4668-af8b-129908e8f2fe.zip (0.37 MB) to /tmp/zipdeploy/extracted" date="2025-12-04T13:06:54.100" >
      <step title="ChmodRecursive Process exited with total time taken in ms: 256" date="2025-12-04T13:06:54.740" /><!-- duration: 19ms -->
    </step><!-- duration: 691ms -->
    <step title="Deployment timer started" date="2025-12-04T13:06:56.877" >
      <step title="DeploymentManager.Deploy(id:ebef8fc8-1f76-437d-b6cf-8462d1243206)" date="2025-12-04T13:06:56.899" >
        <step title="Collecting changeset information" date="2025-12-04T13:06:56.911" /><!-- duration: 97ms -->
        <step title="Updating submodules" date="2025-12-04T13:06:57.016" /><!-- duration: 1131ms -->
        <step title="Determining deployment builder" date="2025-12-04T13:06:58.427" >
          <step title="Builder is OryxBuilder" date="2025-12-04T13:06:58.440" /><!-- duration: 3ms -->
        </step><!-- duration: 19ms -->
        <step title="PreDeployment: context.CleanOutputPath False" date="2025-12-04T13:06:58.499" >
          <step title="PreDeployment: context.OutputPath /home/site/wwwroot" date="2025-12-04T13:06:58.637" >
            <step title="Building" date="2025-12-04T13:06:58.837" >
              <step title="Executing external process" date="2025-12-04T13:06:59.360" type="process" path="bash" arguments="-c &quot;oryx build /tmp/zipdeploy/extracted -o /home/site/wwwroot --platform python --platform-version 3.11 -p virtualenv_name=antenv --log-file /tmp/build-debug.log  -i /tmp/8de333601cabf0b --compress-destination-dir | tee /tmp/oryx-build.log ; exit $PIPESTATUS &quot;" /><!-- duration: 170210ms -->
              <step title="Using PythonDeploymentLogParser" date="2025-12-04T13:09:50.061" /><!-- duration: 3ms -->
              <step title="Triggering recycle (preview mode disabled)." date="2025-12-04T13:09:51.349" /><!-- duration: 8ms -->
              <step title="Modified file to trigger a restart of the app container." date="2025-12-04T13:09:51.412" /><!-- duration: 3ms -->
              <step title="Skip function trigger and logicapp sync because function is not enabled." date="2025-12-04T13:09:51.434" /><!-- duration: 4ms -->
            </step><!-- duration: 173407ms -->
          </step><!-- duration: 173613ms -->
          <step title="Cleaning up temp files" date="2025-12-04T13:09:52.256" /><!-- duration: 2504ms -->
          <step title="Cleaning up temp files" date="2025-12-04T13:09:54.767" /><!-- duration: 530ms -->
          <step title="Reloading status file with latest updates" date="2025-12-04T13:09:55.327" >
            <step title="WebHooksManager.PublishEventAsync: PostDeployment" date="2025-12-04T13:09:55.334" /><!-- duration: 109ms -->
          </step><!-- duration: 121ms -->
          <step title="Cleaning up temporary deployment - fetch deployment was successful" date="2025-12-04T13:09:55.455" /><!-- duration: 3ms -->
        </step><!-- duration: 177022ms -->
      </step><!-- duration: 178642ms -->
