<step title="Incoming Request" date="2025-12-04T13:06:49.925" instance="ead10c" url="/api/zipdeploy?isAsync=true" method="POST" type="request" pid="770,1,5" Accept="*/*" Host="docu-chain-api.scm.azurewebsites.net" User-Agent="AZURECLI/2.81.0 (MSI)" Accept-Encoding="gzip, deflate" Authorization="Bea..." Cache-Control="no-cache" Content-Type="application/octet-stream" Content-Length="382917" x-ms-client-request-id="fb016ee1-d111-11f0-9403-44a3bbe38496" x-ms-artifact-checksum="5f29f49af93a8dbb1263c3b4ee45a50206217179a73eec4e6f5ca5654fc4edc7" X-ARR-LOG-ID="fb016ee1-d111-11f0-9403-44a3bbe38496" CLIENT-IP="124.40.247.145:61270" X-SITE-DEPLOYMENT-ID="docu-chain-api" WAS-DEFAULT-HOSTNAME="docu-chain-api.scm.azurewebsites.net" X-Forwarded-Proto="https" X-AppService-Proto="https" X-Forwarded-TlsVersion="1.3" X-WAWS-Unencoded-URL="/api/zipdeploy?isAsync=true" X-Client-IP="124.40.247.145" X-Client-Port="61270" >
  <step title="ZipPushDeploy" date="2025-12-04T13:06:51.291" >
    <step title="ZipDeploy. Extract zip. Remote build." date="2025-12-04T13:06:51.319" /><!-- duration: 10ms -->
    <step title="None repository commit" date="2025-12-04T13:06:51.348" >
      <step title="Commit id: ebef8fc8-1f76-437d-b6cf-8462d1243206" date="2025-12-04T13:06:51.365" Message="N/A" AuthorName="N/A" AuthorEmail="N/A" /><!-- duration: 10ms -->
    </step><!-- duration: 36ms -->
    <step title="Starting PushDeployAsync" date="2025-12-04T13:06:51.396" /><!-- duration: 11ms -->
    <step title="Writing artifact to /tmp/zipdeploy/70dcf19a-17c2-4668-af8b-129908e8f2fe.zip" date="2025-12-04T13:06:51.496" >
      <step title="Writing multipart request body to /tmp/zipdeploy/70dcf19a-17c2-4668-af8b-129908e8f2fe.zip" date="2025-12-04T13:06:51.543" /><!-- duration: 19ms -->
    </step><!-- duration: 351ms -->
    <step title="Start deployment in the background" date="2025-12-04T13:06:51.929" >
      <step title="Acquiring Deployment Lock" date="2025-12-04T13:06:52.089" /><!-- duration: 10ms -->
      <step title="Acquired Deployment Lock" date="2025-12-04T13:06:52.230" /><!-- duration: 21ms -->
    </step><!-- duration: 588ms -->
  </step><!-- duration: 1282ms -->
  <step title="Outgoing response" date="2025-12-04T13:06:52.612" type="response" statusCode="202" statusText="Accepted" /><!-- duration: 10ms -->
</step><!-- duration: 2708ms -->
