<step title="BackgroundTrace" date="2025-12-04T13:17:06.137" instance="ead10c" url="/api/zipdeploy" method="POST" >
  <step title="Cleanup Xml Logs" date="2025-12-04T13:17:06.189" /><!-- duration: 47ms -->
  <step title="Creating temporary deployment - FetchDeploymentManager" date="2025-12-04T13:17:06.847" /><!-- duration: 40ms -->
  <step title="Creating temporary deployment" date="2025-12-04T13:17:06.906" /><!-- duration: 340ms -->
  <step title="Performing fetch based deployment" date="2025-12-04T13:17:08.013" >
    <step title="Cleaning up temp folders from previous zip deployments and extracting pushed zip file /tmp/zipdeploy/3771046e-5e0f-4d40-8dd8-0865524195dd.zip (0.37 MB) to /tmp/zipdeploy/extracted" date="2025-12-04T13:17:10.056" >
      <step title="ChmodRecursive Process exited with total time taken in ms: 563" date="2025-12-04T13:17:11.992" /><!-- duration: 21ms -->
    </step><!-- duration: 2005ms -->
    <step title="Deployment timer started" date="2025-12-04T13:17:14.115" >
      <step title="DeploymentManager.Deploy(id:7e16a2b2-0505-4b99-b93b-23265a5c2541)" date="2025-12-04T13:17:14.156" >
        <step title="Collecting changeset information" date="2025-12-04T13:17:14.296" /><!-- duration: 571ms -->
        <step title="Updating submodules" date="2025-12-04T13:17:14.945" /><!-- duration: 1643ms -->
        <step title="Determining deployment builder" date="2025-12-04T13:17:17.544" >
          <step title="Builder is OryxBuilder" date="2025-12-04T13:17:17.915" /><!-- duration: 41ms -->
        </step><!-- duration: 483ms -->
        <step title="PreDeployment: context.CleanOutputPath False" date="2025-12-04T13:17:18.304" >
          <step title="PreDeployment: context.OutputPath /home/site/wwwroot" date="2025-12-04T13:17:18.723" >
            <step title="Building" date="2025-12-04T13:17:19.357" >
              <step title="Executing external process" date="2025-12-04T13:17:21.831" type="process" path="bash" arguments="-c &quot;oryx build /tmp/zipdeploy/extracted -o /home/site/wwwroot --platform python --platform-version 3.11 -p virtualenv_name=antenv --log-file /tmp/build-debug.log  -i /tmp/8de3337731cd3ca --compress-destination-dir | tee /tmp/oryx-build.log ; exit $PIPESTATUS &quot;" >
                <step title="Cpu: gzip(1303,10.780s)+sh(1302,0.000s)+tar(1301,1.030s)+build.sh(1175,0.070s)+oryx(1151,5.320s)+tee(1152,0.010s)+bash(1150,0.000s)=total(17.210s)" date="2025-12-04T13:20:24.143" /><!-- duration: 21ms -->
                <step title="bash: no io activity for 61s, prev-cpu=-1.000s, current-cpu=17.210s" date="2025-12-04T13:20:24.200" /><!-- duration: 29ms -->
              </step><!-- duration: 205649ms -->
              <step title="Using PythonDeploymentLogParser" date="2025-12-04T13:20:47.916" /><!-- duration: 8ms -->
              <step title="Triggering recycle (preview mode disabled)." date="2025-12-04T13:20:49.286" /><!-- duration: 10ms -->
              <step title="Modified file to trigger a restart of the app container." date="2025-12-04T13:20:49.333" /><!-- duration: 4ms -->
              <step title="Skip function trigger and logicapp sync because function is not enabled." date="2025-12-04T13:20:49.342" /><!-- duration: 4ms -->
            </step><!-- duration: 210754ms -->
          </step><!-- duration: 211392ms -->
          <step title="Cleaning up temp files" date="2025-12-04T13:20:50.119" /><!-- duration: 3416ms -->
          <step title="Cleaning up temp files" date="2025-12-04T13:20:53.552" /><!-- duration: 519ms -->
          <step title="Reloading status file with latest updates" date="2025-12-04T13:20:54.098" >
            <step title="WebHooksManager.PublishEventAsync: PostDeployment" date="2025-12-04T13:20:54.102" /><!-- duration: 39ms -->
          </step><!-- duration: 60ms -->
          <step title="Cleaning up temporary deployment - fetch deployment was successful" date="2025-12-04T13:20:54.217" /><!-- duration: 7ms -->
        </step><!-- duration: 215981ms -->
      </step><!-- duration: 220172ms -->
