<step title="Incoming Request" date="2025-12-04T13:59:37.678" instance="ead10c" url="/docu-chain-api.git/info/refs?service=git-receive-pack" method="GET" type="request" pid="772,1,31" Accept="*/*" Host="docu-chain-api.scm.azurewebsites.net" User-Agent="git/2.49.0.windows.1" Accept-Encoding="deflate, gzip, br, zstd" Authorization="Bas..." Pragma="no-cache" X-ARR-LOG-ID="f4a22bdb-843a-4d62-aba9-87fa3a95f8a1" CLIENT-IP="124.40.247.145:59308" X-SITE-DEPLOYMENT-ID="docu-chain-api" WAS-DEFAULT-HOSTNAME="docu-chain-api.scm.azurewebsites.net" X-Forwarded-Proto="https" X-AppService-Proto="https" X-Forwarded-TlsVersion="1.3" X-WAWS-Unencoded-URL="/docu-chain-api.git/info/refs?service=git-receive-pack" X-Client-IP="124.40.247.145" X-Client-Port="59308" >
  <step title="Cleanup Xml Logs" date="2025-12-04T13:59:37.695" /><!-- duration: 33ms -->
  <step title="InfoRefsService.Execute" date="2025-12-04T13:59:37.765" >
    <step title="Executing external process" date="2025-12-04T13:59:38.216" type="process" path="git" arguments="rev-parse --git-dir" /><!-- duration: 496ms -->
    <step title="Assuming git repository at /home/site/repository" date="2025-12-04T13:59:38.742" /><!-- duration: 29ms -->
    <step title="InfoRefsService.SmartInfoRefs" date="2025-12-04T13:59:38.870" >
      <step title="Executing external process" date="2025-12-04T13:59:38.957" type="process" path="git" arguments="rev-parse --git-dir" /><!-- duration: 101ms -->
      <step title="Assuming git repository at /home/site/repository" date="2025-12-04T13:59:39.076" /><!-- duration: 67ms -->
      <step title="GitExeServer.AdvertiseReceivePack" date="2025-12-04T13:59:39.211" >
        <step title="Executing external process" date="2025-12-04T13:59:39.260" type="process" path="git" arguments="receive-pack --stateless-rpc --advertise-refs &quot;/home/site/repository&quot;" /><!-- duration: 235ms -->
      </step><!-- duration: 305ms -->
      <step title="Writing 216 bytes" date="2025-12-04T13:59:39.545" /><!-- duration: 20ms -->
    </step><!-- duration: 713ms -->
  </step><!-- duration: 1845ms -->
  <step title="Outgoing response" date="2025-12-04T13:59:39.634" type="response" statusCode="200" statusText="OK" /><!-- duration: 29ms -->
</step><!-- duration: 2044ms -->
