<step title="Incoming Request" date="2025-12-04T13:58:19.669" instance="ead10c" url="/docu-chain-api.git/info/refs?service=git-receive-pack" method="GET" type="request" pid="772,1,31" Accept="*/*" Host="docu-chain-api.scm.azurewebsites.net" User-Agent="git/2.49.0.windows.1" Accept-Encoding="deflate, gzip, br, zstd" Authorization="Bas..." Pragma="no-cache" X-ARR-LOG-ID="26895f72-dbc7-485b-a0ed-83e4c0bd2d14" CLIENT-IP="124.40.247.145:62000" X-SITE-DEPLOYMENT-ID="docu-chain-api" WAS-DEFAULT-HOSTNAME="docu-chain-api.scm.azurewebsites.net" X-Forwarded-Proto="https" X-AppService-Proto="https" X-Forwarded-TlsVersion="1.3" X-WAWS-Unencoded-URL="/docu-chain-api.git/info/refs?service=git-receive-pack" X-Client-IP="124.40.247.145" X-Client-Port="62000" >
  <step title="Cleanup Xml Logs" date="2025-12-04T13:58:19.678" /><!-- duration: 31ms -->
  <step title="InfoRefsService.Execute" date="2025-12-04T13:58:19.745" >
    <step title="Executing external process" date="2025-12-04T13:58:19.812" type="process" path="git" arguments="rev-parse --git-dir" /><!-- duration: 102ms -->
    <step title="Assuming git repository at /home/site/repository" date="2025-12-04T13:58:19.917" /><!-- duration: 3ms -->
    <step title="InfoRefsService.SmartInfoRefs" date="2025-12-04T13:58:19.932" >
      <step title="Executing external process" date="2025-12-04T13:58:19.944" type="process" path="git" arguments="rev-parse --git-dir" /><!-- duration: 28ms -->
      <step title="Assuming git repository at /home/site/repository" date="2025-12-04T13:58:19.990" /><!-- duration: 4ms -->
      <step title="GitExeServer.AdvertiseReceivePack" date="2025-12-04T13:58:20.000" >
        <step title="Executing external process" date="2025-12-04T13:58:20.014" type="process" path="git" arguments="receive-pack --stateless-rpc --advertise-refs &quot;/home/site/repository&quot;" /><!-- duration: 64ms -->
      </step><!-- duration: 83ms -->
      <step title="Writing 216 bytes" date="2025-12-04T13:58:20.086" /><!-- duration: 4ms -->
    </step><!-- duration: 162ms -->
  </step><!-- duration: 354ms -->
  <step title="Outgoing response" date="2025-12-04T13:58:20.105" type="response" statusCode="200" statusText="OK" /><!-- duration: 6ms -->
</step><!-- duration: 451ms -->
