﻿<?xml version="1.0" encoding="utf-8"?>
<deployment>
  <id>temp-3088e400</id>
  <author>N/A</author>
  <deployer></deployer>
  <authorEmail>N/A</authorEmail>
  <message>N/A</message>
  <progress></progress>
  <status>Failed</status>
  <statusText>Deployment has been stopped due to SCM container restart. The restart can happen due to a management operation on site. Do not perform a management operation and a deployment operation in quick succession. Adding a small delay can help avoid any conflicts.</statusText>
  <lastSuccessEndTime />
  <receivedTime>2025-12-04T13:59:41.3231557Z</receivedTime>
  <startTime>2025-12-04T13:59:41.3231557Z</startTime>
  <endTime>2025-12-04T13:59:44.0606042Z</endTime>
  <complete>True</complete>
  <is_temp>True</is_temp>
  <is_readonly>False</is_readonly>
  <buildSummary />
</deployment>