<step title="Incoming Request" date="2025-12-04T13:59:40.890" instance="ead10c" url="/docu-chain-api.git/git-receive-pack" method="POST" type="request" pid="772,1,20" Accept="application/x-git-receive-pack-result" Host="docu-chain-api.scm.azurewebsites.net" User-Agent="git/2.49.0.windows.1" Accept-Encoding="deflate, gzip, br, zstd" Authorization="Bas..." Content-Type="application/x-git-receive-pack-request" Content-Length="231" X-ARR-LOG-ID="e1132910-cfff-41de-8a1f-adc76908c933" CLIENT-IP="124.40.247.145:59308" X-SITE-DEPLOYMENT-ID="docu-chain-api" WAS-DEFAULT-HOSTNAME="docu-chain-api.scm.azurewebsites.net" X-Forwarded-Proto="https" X-AppService-Proto="https" X-Forwarded-TlsVersion="1.3" X-WAWS-Unencoded-URL="/docu-chain-api.git/git-receive-pack" X-Client-IP="124.40.247.145" X-Client-Port="59308" >
  <step title="Cleanup Xml Logs" date="2025-12-04T13:59:40.900" /><!-- duration: 29ms -->
  <step title="RpcService.ReceivePack" date="2025-12-04T13:59:40.961" >
    <step title="Executing external process" date="2025-12-04T13:59:40.993" type="process" path="git" arguments="rev-parse --git-dir" /><!-- duration: 84ms -->
    <step title="Assuming git repository at /home/site/repository" date="2025-12-04T13:59:41.089" /><!-- duration: 10ms -->
    <step title="Acquiring Deployment Lock" date="2025-12-04T13:59:41.120" /><!-- duration: 9ms -->
    <step title="Acquired Deployment Lock" date="2025-12-04T13:59:41.238" /><!-- duration: 18ms -->
    <step title="Creating temporary deployment" date="2025-12-04T13:59:41.278" /><!-- duration: 177ms -->
    <step title="GitExeServer.Receive" date="2025-12-04T13:59:41.465" >
      <step title="Executing external process" date="2025-12-04T13:59:41.482" type="process" path="git" arguments="receive-pack --stateless-rpc &quot;/home/site/repository&quot;" 