<step title="Incoming Request" date="2025-12-04T13:59:10.761" instance="ead10c" url="/docu-chain-api.git/info/refs?service=git-receive-pack" method="GET" type="request" pid="772,1,20" Accept="*/*" Host="docu-chain-api.scm.azurewebsites.net" User-Agent="git/2.49.0.windows.1" Accept-Encoding="deflate, gzip, br, zstd" Authorization="Bas..." Pragma="no-cache" X-ARR-LOG-ID="951396fb-c97e-4667-9776-d9d76b368c1f" CLIENT-IP="124.40.247.145:59289" X-SITE-DEPLOYMENT-ID="docu-chain-api" WAS-DEFAULT-HOSTNAME="docu-chain-api.scm.azurewebsites.net" X-Forwarded-Proto="https" X-AppService-Proto="https" X-Forwarded-TlsVersion="1.3" X-WAWS-Unencoded-URL="/docu-chain-api.git/info/refs?service=git-receive-pack" X-Client-IP="124.40.247.145" X-Client-Port="59289" >
  <step title="Cleanup Xml Logs" date="2025-12-04T13:59:10.765" /><!-- duration: 10ms -->
  <step title="InfoRefsService.Execute" date="2025-12-04T13:59:10.789" >
    <step title="Executing external process" date="2025-12-04T13:59:10.819" type="process" path="git" arguments="rev-parse --git-dir" /><!-- duration: 110ms -->
    <step title="Assuming git repository at /home/site/repository" date="2025-12-04T13:59:10.948" /><!-- duration: 4ms -->
    <step title="InfoRefsService.SmartInfoRefs" date="2025-12-04T13:59:10.958" >
      <step title="Executing external process" date="2025-12-04T13:59:10.966" type="process" path="git" arguments="rev-parse --git-dir" /><!-- duration: 36ms -->
      <step title="Assuming git repository at /home/site/repository" date="2025-12-04T13:59:11.015" /><!-- duration: 4ms -->
      <step title="GitExeServer.AdvertiseReceivePack" date="2025-12-04T13:59:11.025" >
        <step title="Executing external process" date="2025-12-04T13:59:11.031" type="process" path="git" arguments="receive-pack --stateless-rpc --advertise-refs &quot;/home/site/repository&quot;" /><!-- duration: 61ms -->
      </step><!-- duration: 75ms -->
      <step title="Writing 216 bytes" date="2025-12-04T13:59:11.103" /><!-- duration: 3ms -->
    </step><!-- duration: 155ms -->
  </step><!-- duration: 326ms -->
  <step title="Outgoing response" date="2025-12-04T13:59:11.121" type="response" statusCode="200" statusText="OK" /><!-- duration: 10ms -->
</step><!-- duration: 374ms -->
