<step title="Executing external process" date="2025-12-04T13:59:45.076" instance="ead10c" type="process" path="kudu.exe" arguments="/home/site /opt/Kudu/msbuild" >
  <step title="Cleanup Xml Logs" date="2025-12-04T13:59:45.108" /><!-- duration: 9ms -->
  <step title="Deployment timer started" date="2025-12-04T13:59:45.172" >
    <step title="Executing external process" date="2025-12-04T13:59:45.204" type="process" path="git" arguments="log -n 1 master --" /><!-- duration: 197ms -->
    <step title="DeploymentManager.Deploy(id:e7ba25707adb830e2111285ebd18620812dc4d35)" date="2025-12-04T13:59:45.414" >
      <step title="Collecting changeset information" date="2025-12-04T13:59:45.464" /><!-- duration: 278ms -->
      <step title="Updating to specific changeset" date="2025-12-04T13:59:45.749" >
        <step title="Executing external process" date="2025-12-04T13:59:47.186" type="process" path="git" arguments="checkout master --force" /><!-- duration: 707ms -->
      </step><!-- duration: 2149ms -->
      <step title="Updating submodules" date="2025-12-04T13:59:47.903" /><!-- duration: 187ms -->
      <step title="Determining deployment builder" date="2025-12-04T13:59:48.566" >
        <step title="Builder is OryxBuilder" date="2025-12-04T13:59:48.590" /><!-- duration: 4ms -->
      </step><!-- duration: 35ms -->
      <step title="PreDeployment: context.CleanOutputPath False" date="2025-12-04T13:59:48.663" >
        <step title="PreDeployment: context.OutputPath /home/site/wwwroot" date="2025-12-04T13:59:48.830" >
          <step title="Building" date="2025-12-04T13:59:49.008" >
            <step title="Executing external process" date="2025-12-04T13:59:49.475" type="process" path="bash" arguments="-c &quot;oryx build /home/site/repository -o /home/site/wwwroot --platform python --platform-version 3.11 -p virtualenv_name=antenv --log-file /tmp/build-debug.log  -i /tmp/8de333d635a75c6 --compress-destination-dir | tee /tmp/oryx-build.log ; exit $PIPESTATUS &quot;" 