<step title="Incoming Request" date="2025-12-04T13:51:08.408" instance="ead10c" url="/docu-chain-api.git/git-receive-pack" method="POST" type="request" pid="772,1,20" Accept="application/x-git-receive-pack-result" Host="docu-chain-api.scm.azurewebsites.net" User-Agent="git/2.49.0.windows.1" Accept-Encoding="deflate, gzip, br, zstd" Authorization="Bas..." Content-Type="application/x-git-receive-pack-request" Content-Length="117887" X-ARR-LOG-ID="e43401c7-5dbc-4aa2-aa8d-737c588a114f" CLIENT-IP="124.40.247.145:53582" X-SITE-DEPLOYMENT-ID="docu-chain-api" WAS-DEFAULT-HOSTNAME="docu-chain-api.scm.azurewebsites.net" X-Forwarded-Proto="https" X-AppService-Proto="https" X-Forwarded-TlsVersion="1.3" X-WAWS-Unencoded-URL="/docu-chain-api.git/git-receive-pack" X-Client-IP="124.40.247.145" X-Client-Port="53582" >
  <step title="RpcService.ReceivePack" date="2025-12-04T13:51:08.579" >
    <step title="Executing external process" date="2025-12-04T13:51:08.620" type="process" path="git" arguments="rev-parse --git-dir" /><!-- duration: 51ms -->
    <step title="Assuming git repository at /home/site/repository" date="2025-12-04T13:51:08.678" /><!-- duration: 4ms -->
    <step title="Acquiring Deployment Lock" date="2025-12-04T13:51:08.690" /><!-- duration: 4ms -->
    <step title="Acquired Deployment Lock" date="2025-12-04T13:51:08.722" /><!-- duration: 5ms -->
    <step title="Creating temporary deployment" date="2025-12-04T13:51:08.731" /><!-- duration: 111ms -->
    <step title="GitExeServer.Receive" date="2025-12-04T13:51:08.851" >
      <step title="Executing external process" date="2025-12-04T13:51:08.854" type="process" path="git" arguments="receive-pack --stateless-rpc &quot;/home/site/repository&quot;" /><!-- duration: 8947ms -->
    </step><!-- duration: 8962ms -->
    <step title="Releasing Deployment Lock" date="2025-12-04T13:51:17.881" /><!-- duration: 3ms -->
  </step><!-- duration: 9314ms -->
  <step title="Outgoing response" date="2025-12-04T13:51:17.898" type="response" statusCode="200" statusText="OK" /><!-- duration: 3ms -->
</step><!-- duration: 9496ms -->
