<step title="Incoming Request" date="2025-12-04T13:51:06.025" instance="ead10c" url="/docu-chain-api.git/info/refs?service=git-receive-pack" method="GET" type="request" pid="772,1,20" Accept="*/*" Host="docu-chain-api.scm.azurewebsites.net" User-Agent="git/2.49.0.windows.1" Accept-Encoding="deflate, gzip, br, zstd" Authorization="Bas..." Pragma="no-cache" X-ARR-LOG-ID="8df60a5c-ea5d-4aba-bab8-76abf81b2625" CLIENT-IP="124.40.247.145:53582" X-SITE-DEPLOYMENT-ID="docu-chain-api" WAS-DEFAULT-HOSTNAME="docu-chain-api.scm.azurewebsites.net" X-Forwarded-Proto="https" X-AppService-Proto="https" X-Forwarded-TlsVersion="1.3" X-WAWS-Unencoded-URL="/docu-chain-api.git/info/refs?service=git-receive-pack" X-Client-IP="124.40.247.145" X-Client-Port="53582" >
  <step title="Cleanup Xml Logs" date="2025-12-04T13:51:06.031" /><!-- duration: 14ms -->
  <step title="InfoRefsService.Execute" date="2025-12-04T13:51:06.073" >
    <step title="InfoRefsService.SmartInfoRefs" date="2025-12-04T13:51:06.089" >
      <step title="Acquiring Deployment Lock" date="2025-12-04T13:51:06.100" /><!-- duration: 3ms -->
      <step title="Acquired Deployment Lock" date="2025-12-04T13:51:06.173" /><!-- duration: 4ms -->
      <step title="GitExeServer.Initialize" date="2025-12-04T13:51:06.183" >
        <step title="GitExeRepository.Initialize" date="2025-12-04T13:51:06.190" >
          <step title="Executing external process" date="2025-12-04T13:51:06.197" type="process" path="git" arguments="init" /><!-- duration: 273ms -->
          <step title="Executing external process" date="2025-12-04T13:51:06.476" type="process" path="git" arguments="config core.autocrlf false" /><!-- duration: 53ms -->
          <step title="Executing external process" date="2025-12-04T13:51:06.534" type="process" path="git" arguments="config core.preloadindex true" /><!-- duration: 27ms -->
          <step title="Executing external process" date="2025-12-04T13:51:06.566" type="process" path="git" arguments="config user.name &quot;unknown&quot;" /><!-- duration: 38ms -->
          <step title="Executing external process" date="2025-12-04T13:51:06.614" type="process" path="git" arguments="config user.email &quot;unknown&quot;" /><!-- duration: 22ms -->
          <step title="Executing external process" date="2025-12-04T13:51:06.645" type="process" path="git" arguments="config filter.lfs.clean &quot;git-lfs clean %f&quot;" /><!-- duration: 22ms -->
          <step title="Executing external process" date="2025-12-04T13:51:06.675" type="process" path="git" arguments="config filter.lfs.smudge &quot;git-lfs smudge %f&quot;" /><!-- duration: 24ms -->
          <step title="Executing external process" date="2025-12-04T13:51:06.703" type="process" path="git" arguments="config filter.lfs.required true" /><!-- duration: 27ms -->
          <step title="Configure git server" date="2025-12-04T13:51:06.733" >
            <step title="Executing external process" date="2025-12-04T13:51:06.737" type="process" path="git" arguments="config receive.denyCurrentBranch ignore" /><!-- duration: 23ms -->
          </step><!-- duration: 30ms -->
          <step title="Create deny users for .git folder" date="2025-12-04T13:51:06.767" /><!-- duration: 38ms -->
          <step title="Configure git-credential" date="2025-12-04T13:51:06.809" >
            <step title="Executing external process" date="2025-12-04T13:51:06.837" type="process" path="git" arguments="config credential.helper &quot;!&apos;/home/site/repository/.git/hooks/git-credential-invalid.sh&apos;&quot;" /><!-- duration: 24ms -->
          </step><!-- duration: 70ms -->
          <step title="Setup post receive hook" date="2025-12-04T13:51:06.889" >
            <step title="Non-Windows enviroment, granting 755 permission to post-receive hook file" date="2025-12-04T13:51:06.913" /><!-- duration: 38ms -->
          </step><!-- duration: 66ms -->
        </step><!-- duration: 769ms -->
      </step><!-- duration: 780ms -->
      <step title="Releasing Deployment Lock" date="2025-12-04T13:51:06.967" /><!-- duration: 4ms -->
      <step title="GitExeServer.AdvertiseReceivePack" date="2025-12-04T13:51:06.983" >
        <step title="Executing external process" date="2025-12-04T13:51:06.989" type="process" path="git" arguments="receive-pack --stateless-rpc --advertise-refs &quot;/home/site/repository&quot;" /><!-- duration: 41ms -->
      </step><!-- duration: 54ms -->
      <step title="Writing 216 bytes" date="2025-12-04T13:51:07.041" /><!-- duration: 3ms -->
    </step><!-- duration: 960ms -->
  </step><!-- duration: 980ms -->
  <step title="Outgoing response" date="2025-12-04T13:51:07.063" type="response" statusCode="200" statusText="OK" /><!-- duration: 11ms -->
</step><!-- duration: 1052ms -->
