<step title="Incoming Request" date="2025-12-04T13:58:32.336" instance="ead10c" url="/docu-chain-api.git/info/refs?service=git-receive-pack" method="GET" type="request" pid="772,1,31" Accept="*/*" Host="docu-chain-api.scm.azurewebsites.net" User-Agent="git/2.49.0.windows.1" Accept-Encoding="deflate, gzip, br, zstd" Authorization="Bas..." Pragma="no-cache" X-ARR-LOG-ID="4a725941-f453-449d-932c-7029bc7ef7aa" CLIENT-IP="124.40.247.145:62011" X-SITE-DEPLOYMENT-ID="docu-chain-api" WAS-DEFAULT-HOSTNAME="docu-chain-api.scm.azurewebsites.net" X-Forwarded-Proto="https" X-AppService-Proto="https" X-Forwarded-TlsVersion="1.3" X-WAWS-Unencoded-URL="/docu-chain-api.git/info/refs?service=git-receive-pack" X-Client-IP="124.40.247.145" X-Client-Port="62011" >
  <step title="Cleanup Xml Logs" date="2025-12-04T13:58:32.340" /><!-- duration: 6ms -->
  <step title="InfoRefsService.Execute" date="2025-12-04T13:58:32.354" >
    <step title="Executing external process" date="2025-12-04T13:58:32.365" type="process" path="git" arguments="rev-parse --git-dir" /><!-- duration: 29ms -->
    <step title="Assuming git repository at /home/site/repository" date="2025-12-04T13:58:32.398" /><!-- duration: 4ms -->
    <step title="InfoRefsService.SmartInfoRefs" date="2025-12-04T13:58:32.407" >
      <step title="Executing external process" date="2025-12-04T13:58:32.420" type="process" path="git" arguments="rev-parse --git-dir" /><!-- duration: 21ms -->
      <step title="Assuming git repository at /home/site/repository" date="2025-12-04T13:58:32.449" /><!-- duration: 4ms -->
      <step title="GitExeServer.AdvertiseReceivePack" date="2025-12-04T13:58:32.459" >
        <step title="Executing external process" date="2025-12-04T13:58:32.463" type="process" path="git" arguments="receive-pack --stateless-rpc --advertise-refs &quot;/home/site/repository&quot;" /><!-- duration: 33ms -->
      </step><!-- duration: 42ms -->
      <step title="Writing 216 bytes" date="2025-12-04T13:58:32.504" /><!-- duration: 4ms -->
    </step><!-- duration: 105ms -->
  </step><!-- duration: 162ms -->
  <step title="Outgoing response" date="2025-12-04T13:58:32.519" type="response" statusCode="200" statusText="OK" /><!-- duration: 10ms -->
</step><!-- duration: 196ms -->
