<step title="Incoming Request" date="2025-12-04T13:58:33.643" instance="ead10c" url="/docu-chain-api.git/git-receive-pack" method="POST" type="request" pid="772,1,32" Accept="application/x-git-receive-pack-result" Host="docu-chain-api.scm.azurewebsites.net" User-Agent="git/2.49.0.windows.1" Accept-Encoding="deflate, gzip, br, zstd" Authorization="Bas..." Content-Type="application/x-git-receive-pack-request" Content-Length="508" X-ARR-LOG-ID="e6832082-47eb-4979-afd3-fbcc32ed12cb" CLIENT-IP="124.40.247.145:62011" X-SITE-DEPLOYMENT-ID="docu-chain-api" WAS-DEFAULT-HOSTNAME="docu-chain-api.scm.azurewebsites.net" X-Forwarded-Proto="https" X-AppService-Proto="https" X-Forwarded-TlsVersion="1.3" X-WAWS-Unencoded-URL="/docu-chain-api.git/git-receive-pack" X-Client-IP="124.40.247.145" X-Client-Port="62011" >
  <step title="RpcService.ReceivePack" date="2025-12-04T13:58:33.657" >
    <step title="Executing external process" date="2025-12-04T13:58:33.668" type="process" path="git" arguments="rev-parse --git-dir" /><!-- duration: 23ms -->
    <step title="Assuming git repository at /home/site/repository" date="2025-12-04T13:58:33.695" /><!-- duration: 3ms -->
    <step title="Acquiring Deployment Lock" date="2025-12-04T13:58:33.705" /><!-- duration: 4ms -->
    <step title="Acquired Deployment Lock" date="2025-12-04T13:58:33.738" /><!-- duration: 4ms -->
    <step title="Creating temporary deployment" date="2025-12-04T13:58:33.745" /><!-- duration: 81ms -->
    <step title="GitExeServer.Receive" date="2025-12-04T13:58:33.831" >
      <step title="Executing external process" date="2025-12-04T13:58:33.849" type="process" path="git" arguments="receive-pack --stateless-rpc &quot;/home/site/repository&quot;" /><!-- duration: 7860ms -->
    </step><!-- duration: 7897ms -->
    <step title="Releasing Deployment Lock" date="2025-12-04T13:58:41.785" /><!-- duration: 10ms -->
  </step><!-- duration: 8149ms -->
  <step title="Outgoing response" date="2025-12-04T13:58:41.811" type="response" statusCode="200" statusText="OK" /><!-- duration: 4ms -->
</step><!-- duration: 8177ms -->
