<step title="Incoming Request" date="2025-12-04T13:59:12.352" instance="ead10c" url="/docu-chain-api.git/git-receive-pack" method="POST" type="request" pid="772,1,20" Accept="application/x-git-receive-pack-result" Host="docu-chain-api.scm.azurewebsites.net" User-Agent="git/2.49.0.windows.1" Accept-Encoding="deflate, gzip, br, zstd" Authorization="Bas..." Content-Type="application/x-git-receive-pack-request" Content-Length="639" X-ARR-LOG-ID="bf9f91d1-0b28-4563-b4fa-cb7e1a04e5a3" CLIENT-IP="124.40.247.145:59289" X-SITE-DEPLOYMENT-ID="docu-chain-api" WAS-DEFAULT-HOSTNAME="docu-chain-api.scm.azurewebsites.net" X-Forwarded-Proto="https" X-AppService-Proto="https" X-Forwarded-TlsVersion="1.3" X-WAWS-Unencoded-URL="/docu-chain-api.git/git-receive-pack" X-Client-IP="124.40.247.145" X-Client-Port="59289" >
  <step title="RpcService.ReceivePack" date="2025-12-04T13:59:12.601" >
    <step title="Executing external process" date="2025-12-04T13:59:12.614" type="process" path="git" arguments="rev-parse --git-dir" /><!-- duration: 52ms -->
    <step title="Assuming git repository at /home/site/repository" date="2025-12-04T13:59:12.671" /><!-- duration: 4ms -->
    <step title="Acquiring Deployment Lock" date="2025-12-04T13:59:12.682" /><!-- duration: 4ms -->
    <step title="Acquired Deployment Lock" date="2025-12-04T13:59:12.713" /><!-- duration: 5ms -->
    <step title="Creating temporary deployment" date="2025-12-04T13:59:12.722" /><!-- duration: 335ms -->
    <step title="GitExeServer.Receive" date="2025-12-04T13:59:13.060" >
      <step title="Executing external process" date="2025-12-04T13:59:13.063" type="process" path="git" arguments="receive-pack --stateless-rpc &quot;/home/site/repository&quot;" /><!-- duration: 13373ms -->
    </step><!-- duration: 13414ms -->
    <step title="Releasing Deployment Lock" date="2025-12-04T13:59:26.608" /><!-- duration: 30ms -->
  </step><!-- duration: 14112ms -->
  <step title="Outgoing response" date="2025-12-04T13:59:26.724" type="response" statusCode="200" statusText="OK" /><!-- duration: 11ms -->
</step><!-- duration: 14393ms -->
