<step title="Incoming Request" date="2025-12-04T13:17:02.530" instance="ead10c" url="/api/zipdeploy?isAsync=true" method="POST" type="request" pid="770,1,28" Accept="*/*" Host="docu-chain-api.scm.azurewebsites.net" User-Agent="AZURECLI/2.81.0 (MSI)" Accept-Encoding="gzip, deflate" Authorization="Bea..." Cache-Control="no-cache" Content-Type="application/octet-stream" Content-Length="382926" x-ms-client-request-id="77e43a9e-d113-11f0-9e69-44a3bbe38496" x-ms-artifact-checksum="ebbdb9fd733f20fd146d720784131776ff4c4f3f3278d205c149a9cbe4a22fe6" X-ARR-LOG-ID="77e43a9e-d113-11f0-9e69-44a3bbe38496" CLIENT-IP="124.40.247.145:57804" X-SITE-DEPLOYMENT-ID="docu-chain-api" WAS-DEFAULT-HOSTNAME="docu-chain-api.scm.azurewebsites.net" X-Forwarded-Proto="https" X-AppService-Proto="https" X-Forwarded-TlsVersion="1.3" X-WAWS-Unencoded-URL="/api/zipdeploy?isAsync=true" X-Client-IP="124.40.247.145" X-Client-Port="57804" >
  <step title="Cleanup Xml Logs" date="2025-12-04T13:17:02.655" /><!-- duration: 354ms -->
  <step title="ZipPushDeploy" date="2025-12-04T13:17:03.536" >
    <step title="ZipDeploy. Extract zip. Remote build." date="2025-12-04T13:17:03.758" /><!-- duration: 131ms -->
    <step title="Starting PushDeployAsync" date="2025-12-04T13:17:03.979" /><!-- duration: 112ms -->
    <step title="Writing artifact to /tmp/zipdeploy/3771046e-5e0f-4d40-8dd8-0865524195dd.zip" date="2025-12-04T13:17:04.299" >
      <step title="Writing multipart request body to /tmp/zipdeploy/3771046e-5e0f-4d40-8dd8-0865524195dd.zip" date="2025-12-04T13:17:04.449" /><!-- duration: 92ms -->
    </step><!-- duration: 1164ms -->
    <step title="Removing previous build artifact&apos;s manifest file" date="2025-12-04T13:17:05.665" >
      <step title="Start deployment in the background" date="2025-12-04T13:17:05.957" >
        <step title="Acquiring Deployment Lock" date="2025-12-04T13:17:06.577" /><!-- duration: 87ms -->
        <step title="Acquired Deployment Lock" date="2025-12-04T13:17:06.806" /><!-- duration: 31ms -->
      </step><!-- duration: 1319ms -->
    </step><!-- duration: 1774ms -->
    <step title="Outgoing response" date="2025-12-04T13:17:07.499" type="response" statusCode="202" statusText="Accepted" /><!-- duration: 37ms -->
  </step><!-- duration: 4169ms -->
