﻿<?xml version="1.0" encoding="utf-8"?>
<deployment>
  <id>11c72b1f-e98e-4a71-a33b-55803a2eeb6a</id>
  <author>N/A</author>
  <deployer>OneDeploy</deployer>
  <authorEmail>N/A</authorEmail>
  <message>OneDeploy</message>
  <progress></progress>
  <status>Success</status>
  <statusText></statusText>
  <lastSuccessEndTime>2025-12-04T11:02:57.8191292Z</lastSuccessEndTime>
  <receivedTime>2025-12-04T10:59:49.5149655Z</receivedTime>
  <startTime>2025-12-04T10:59:50.9227191Z</startTime>
  <endTime>2025-12-04T11:02:57.8191292Z</endTime>
  <complete>True</complete>
  <is_temp>False</is_temp>
  <is_readonly>True</is_readonly>
  <buildSummary />
</deployment>