﻿<?xml version="1.0" encoding="utf-8"?>
<deployment>
  <id>e7ba25707adb830e2111285ebd18620812dc4d35</id>
  <author>mujju-212</author>
  <deployer>docuchaindeployer</deployer>
  <authorEmail>mujju786492@gmail.com</authorEmail>
  <message>Force redeploy with correct branch</message>
  <progress></progress>
  <status>Failed</status>
  <statusText>Deployment has been stopped due to SCM container restart. The restart can happen due to a management operation on site. Do not perform a management operation and a deployment operation in quick succession. Adding a small delay can help avoid any conflicts.</statusText>
  <lastSuccessEndTime />
  <receivedTime>2025-12-04T13:59:45.6516816Z</receivedTime>
  <startTime>2025-12-04T13:59:48.4750646Z</startTime>
  <endTime>2025-12-04T14:20:13.69896Z</endTime>
  <complete>True</complete>
  <is_temp>False</is_temp>
  <is_readonly>False</is_readonly>
  <buildSummary />
</deployment>