<step title="Incoming Request" date="2025-12-04T08:12:50.201" instance="b6fb6c" url="/api/publish?type=zip&amp;async=True" method="POST" type="request" pid="770,1,16" Accept="*/*" Host="docu-chain-api.scm.azurewebsites.net" User-Agent="AZURECLI/2.81.0 (MSI)" Accept-Encoding="gzip, deflate" Authorization="Bea..." Cache-Control="no-cache" Content-Type="application/octet-stream" Cookie="ARRAffinity=b6fb6c880260cf0d9960bbf7f86fdd24290155046ea7a680eec8969c03db7fc6; ARRAffinitySameSite=b6fb6c880260cf0d9960bbf7f86fdd24290155046ea7a680eec8969c03db7fc6" Content-Length="384952" x-ms-client-request-id="fcbae271-d0e8-11f0-a431-44a3bbe38496" x-ms-artifact-checksum="70436239fdfd69fc7bbd0780df9d8e88f8f7b3c25499b4960d1444ff98fe3204" X-ARR-LOG-ID="fcbae271-d0e8-11f0-a431-44a3bbe38496" CLIENT-IP="124.40.247.145:60305" X-SITE-DEPLOYMENT-ID="docu-chain-api" WAS-DEFAULT-HOSTNAME="docu-chain-api.scm.azurewebsites.net" X-Forwarded-Proto="https" X-AppService-Proto="https" X-Forwarded-TlsVersion="1.3" X-WAWS-Unencoded-URL="/api/publish?type=zip&amp;async=True" X-Client-IP="124.40.247.145" X-Client-Port="60305" >
  <step title="OneDeploy" date="2025-12-04T08:12:50.529" >
    <step title="None repository commit" date="2025-12-04T08:12:50.570" >
      <step title="Commit id: 85200251-4020-4c84-8e7d-cbd4334cdabf" date="2025-12-04T08:12:50.580" Message="N/A" AuthorName="N/A" AuthorEmail="N/A" /><!-- duration: 11ms -->
    </step><!-- duration: 32ms -->
    <step title="Starting PushDeployAsync" date="2025-12-04T08:12:50.612" /><!-- duration: 20ms -->
    <step title="Writing artifact to /tmp/zipdeploy/ea2a1689-6e70-4823-8171-7b0b04149cb1.zip" date="2025-12-04T08:12:50.761" >
      <step title="Writing multipart request body to /tmp/zipdeploy/ea2a1689-6e70-4823-8171-7b0b04149cb1.zip" date="2025-12-04T08:12:50.793" /><!-- duration: 69ms -->
    </step><!-- duration: 361ms -->
    <step title="Removing previous build artifact&apos;s manifest file" date="2025-12-04T08:12:51.177" >
      <step title="Start deployment in the background" date="2025-12-04T08:12:51.256" >
        <step title="Acquiring Deployment Lock" date="2025-12-04T08:12:51.416" /><!-- duration: 20ms -->
        <step title="Acquired Deployment Lock" date="2025-12-04T08:12:51.547" /><!-- duration: 30ms -->
      </step><!-- duration: 812ms -->
    </step><!-- duration: 952ms -->
    <step title="Outgoing response" date="2025-12-04T08:12:52.210" type="response" statusCode="202" statusText="Accepted" /><!-- duration: 90ms -->
  </step><!-- duration: 1811ms -->
