<step title="BackgroundTrace" date="2025-12-04T08:12:51.324" instance="b6fb6c" url="/api/publish" method="POST" >
  <step title="Cleanup Xml Logs" date="2025-12-04T08:12:51.336" /><!-- duration: 39ms -->
  <step title="Creating temporary deployment - FetchDeploymentManager" date="2025-12-04T08:12:51.627" /><!-- duration: 20ms -->
  <step title="Creating temporary deployment" date="2025-12-04T08:12:51.677" /><!-- duration: 331ms -->
  <step title="Performing fetch based deployment" date="2025-12-04T08:12:52.461" >
    <step title="Cleaning up temp folders from previous zip deployments and extracting pushed zip file /tmp/zipdeploy/ea2a1689-6e70-4823-8171-7b0b04149cb1.zip (0.37 MB) to /tmp/zipdeploy/extracted" date="2025-12-04T08:12:53.787" >
      <step title="ChmodRecursive Process exited with total time taken in ms: 100" date="2025-12-04T08:12:54.290" /><!-- duration: 20ms -->
    </step><!-- duration: 542ms -->
    <step title="Deployment timer started" date="2025-12-04T08:12:56.365" >
      <step title="DeploymentManager.Deploy(id:85200251-4020-4c84-8e7d-cbd4334cdabf)" date="2025-12-04T08:12:56.377" >
        <step title="Collecting changeset information" date="2025-12-04T08:12:56.412" /><!-- duration: 120ms -->
        <step title="Updating submodules" date="2025-12-04T08:12:56.540" /><!-- duration: 1134ms -->
        <step title="Determining deployment builder" date="2025-12-04T08:12:57.946" >
          <step title="Builder is OryxBuilder" date="2025-12-04T08:12:57.971" /><!-- duration: 5ms -->
        </step><!-- duration: 36ms -->
        <step title="PreDeployment: context.CleanOutputPath False" date="2025-12-04T08:12:58.050" >
          <step title="PreDeployment: context.OutputPath /home/site/wwwroot" date="2025-12-04T08:12:58.185" >
            <step title="Building" date="2025-12-04T08:12:58.354" >
              <step title="Executing external process" date="2025-12-04T08:12:58.718" type="process" path="bash" arguments="-c &quot;oryx build /tmp/zipdeploy/extracted -o /home/site/wwwroot --platform python --platform-version 3.11 -p virtualenv_name=antenv --log-file /tmp/build-debug.log  -i /tmp/8de330cef423161 --compress-destination-dir | tee /tmp/oryx-build.log ; exit $PIPESTATUS &quot;" 