﻿<?xml version="1.0" encoding="utf-8"?>
<deployment>
  <id>0bcd707e-e4e6-417f-bbbd-f0a89e755690</id>
  <author>N/A</author>
  <deployer>OneDeploy</deployer>
  <authorEmail>N/A</authorEmail>
  <message>OneDeploy</message>
  <progress></progress>
  <status>Success</status>
  <statusText></statusText>
  <lastSuccessEndTime>2025-12-04T11:31:53.118353Z</lastSuccessEndTime>
  <receivedTime>2025-12-04T11:29:12.0781805Z</receivedTime>
  <startTime>2025-12-04T11:29:13.5217593Z</startTime>
  <endTime>2025-12-04T11:31:53.118353Z</endTime>
  <complete>True</complete>
  <is_temp>False</is_temp>
  <is_readonly>True</is_readonly>
  <buildSummary />
</deployment>