<step title="Incoming Request" date="2025-12-04T10:36:30.691" instance="ead10c" url="/api/publish?type=zip" method="POST" type="request" pid="770,1,7" Accept="*/*" Host="docu-chain-api.scm.azurewebsites.net" User-Agent="AZURECLI/2.81.0 (MSI)" Accept-Encoding="gzip, deflate" Authorization="Bea..." Cache-Control="no-cache" Content-Type="application/octet-stream" Content-Length="379823" x-ms-client-request-id="fadfbe51-d0fc-11f0-9453-44a3bbe38496" x-ms-artifact-checksum="a3052930aca22be11d214cea0cc7701bdccd355b7f662859be0111816aeb7c73" X-ARR-LOG-ID="fadfbe51-d0fc-11f0-9453-44a3bbe38496" CLIENT-IP="124.40.247.145:60368" X-SITE-DEPLOYMENT-ID="docu-chain-api" WAS-DEFAULT-HOSTNAME="docu-chain-api.scm.azurewebsites.net" X-Forwarded-Proto="https" X-AppService-Proto="https" X-Forwarded-TlsVersion="1.3" X-WAWS-Unencoded-URL="/api/publish?type=zip" X-Client-IP="124.40.247.145" X-Client-Port="60368" >
  <step title="OneDeploy" date="2025-12-04T10:36:31.635" >
    <step title="None repository commit" date="2025-12-04T10:36:31.651" >
      <step title="Commit id: 5c5b21f9-f97d-4679-ada9-217c29071ea9" date="2025-12-04T10:36:31.658" Message="N/A" AuthorName="N/A" AuthorEmail="N/A" /><!-- duration: 4ms -->
    </step><!-- duration: 14ms -->
    <step title="Starting PushDeployAsync" date="2025-12-04T10:36:31.669" /><!-- duration: 4ms -->
    <step title="Writing artifact to /tmp/zipdeploy/27a6d1ed-d44c-4902-a6d5-7d2073625dd7.zip" date="2025-12-04T10:36:31.741" >
      <step title="Writing multipart request body to /tmp/zipdeploy/27a6d1ed-d44c-4902-a6d5-7d2073625dd7.zip" date="2025-12-04T10:36:31.746" /><!-- duration: 4ms -->
    </step><!-- duration: 95ms -->
    <step title="Attempting to fetch target branch HEAD" date="2025-12-04T10:36:31.863" /><!-- duration: 4ms -->
    <step title="Acquiring Deployment Lock" date="2025-12-04T10:36:31.871" /><!-- duration: 4ms -->
    <step title="Acquired Deployment Lock" date="2025-12-04T10:36:31.929" /><!-- duration: 3ms -->
    <step title="Performing fetch based deployment" date="2025-12-04T10:36:31.941" >
      <step title="Creating temporary deployment" date="2025-12-04T10:36:31.946" /><!-- duration: 120ms -->
      <step title="Releasing Deployment Lock" date="2025-12-04T10:36:33.453" /><!-- duration: 6ms -->
      <step title="Cleaning up temp folders from previous zip deployments and extracting pushed zip file /tmp/zipdeploy/27a6d1ed-d44c-4902-a6d5-7d2073625dd7.zip (0.36 MB) to /tmp/zipdeploy/extracted" date="2025-12-04T10:36:33.508" >
        <step title="ChmodRecursive Process exited with total time taken in ms: 206" date="2025-12-04T10:36:33.818" /><!-- duration: 27ms -->
      </step><!-- duration: 348ms -->
      <step title="None repository commit" date="2025-12-04T10:36:33.860" >
        <step title="Commit id: 5c5b21f9-f97d-4679-ada9-217c29071ea9" date="2025-12-04T10:36:33.863" Message="OneDeploy" AuthorName="N/A" AuthorEmail="N/A" /><!-- duration: 3ms -->
      </step><!-- duration: 11ms -->
      <step title="Deployment timer started" date="2025-12-04T10:36:35.877" >
        <step title="DeploymentManager.Deploy(id:5c5b21f9-f97d-4679-ada9-217c29071ea9)" date="2025-12-04T10:36:35.897" >
          <step title="Collecting changeset information" date="2025-12-04T10:36:35.911" /><!-- duration: 145ms -->
          <step title="Updating submodules" date="2025-12-04T10:36:36.069" /><!-- duration: 1307ms -->
          <step title="Determining deployment builder" date="2025-12-04T10:36:37.945" >
            <step title="Builder is OryxBuilder" date="2025-12-04T10:36:37.986" /><!-- duration: 22ms -->
          </step><!-- duration: 113ms -->
          <step title="PreDeployment: context.CleanOutputPath False" date="2025-12-04T10:36:38.185" >
            <step title="PreDeployment: context.OutputPath /home/site/wwwroot" date="2025-12-04T10:36:38.701" >
              <step title="Building" date="2025-12-04T10:36:39.844" >
                <step title="Executing external process" date="2025-12-04T10:36:40.373" type="process" path="bash" arguments="-c &quot;oryx build /tmp/zipdeploy/extracted -o /home/site/wwwroot --platform python --platform-version 3.11 -p virtualenv_name=antenv --log-file /tmp/build-debug.log  -i /tmp/8de3321013b3f75 --compress-destination-dir | tee /tmp/oryx-build.log ; exit $PIPESTATUS &quot;" /><!-- duration: 173124ms -->
                <step title="Using PythonDeploymentLogParser" date="2025-12-04T10:39:34.029" /><!-- duration: 6ms -->
                <step title="Modified file to trigger a restart of the app container." date="2025-12-04T10:39:35.449" /><!-- duration: 4ms -->
                <step title="Skip function trigger and logicapp sync because function is not enabled." date="2025-12-04T10:39:35.473" /><!-- duration: 9ms -->
              </step><!-- duration: 176537ms -->
            </step><!-- duration: 177693ms -->
            <step title="Cleaning up temp files" date="2025-12-04T10:39:36.404" /><!-- duration: 2713ms -->
            <step title="Cleaning up temp files" date="2025-12-04T10:39:39.149" /><!-- duration: 507ms -->
            <step title="Reloading status file with latest updates" date="2025-12-04T10:39:39.690" >
              <step title="WebHooksManager.PublishEventAsync: PostDeployment" date="2025-12-04T10:39:39.696" /><!-- duration: 148ms -->
            </step><!-- duration: 157ms -->
            <step title="Cleaning up temporary deployment - fetch deployment was successful" date="2025-12-04T10:39:39.856" /><!-- duration: 7ms -->
          </step><!-- duration: 181775ms -->
        </step><!-- duration: 184085ms -->
        <step title="Outgoing response" date="2025-12-04T10:39:40.017" type="response" statusCode="200" statusText="OK" /><!-- duration: 22ms -->
      </step><!-- duration: 184165ms -->
