<step title="Incoming Request" date="2025-12-04T11:29:07.794" instance="ead10c" url="/api/publish?type=zip&amp;async=False" method="POST" type="request" pid="768,1,7" Accept="*/*" Host="docu-chain-api.scm.azurewebsites.net" User-Agent="AZURECLI/2.81.0 (MSI)" Accept-Encoding="gzip, deflate" Authorization="Bea..." Cache-Control="no-cache" Content-Type="application/octet-stream" Cookie="ARRAffinity=ead10cea67e8f870f49063668b8834fb9e8504bba74b2866ec62a30d2cc9a094; ARRAffinitySameSite=ead10cea67e8f870f49063668b8834fb9e8504bba74b2866ec62a30d2cc9a094" Content-Length="380177" x-ms-client-request-id="6758a7d7-d104-11f0-839b-44a3bbe38496" x-ms-artifact-checksum="06383ddc828ca563acaef0a0243f4d77fb0ec4c30204c8ac3596112efa8cc770" X-ARR-LOG-ID="6758a7d7-d104-11f0-839b-44a3bbe38496" CLIENT-IP="124.40.247.145:53290" X-SITE-DEPLOYMENT-ID="docu-chain-api" WAS-DEFAULT-HOSTNAME="docu-chain-api.scm.azurewebsites.net" X-Forwarded-Proto="https" X-AppService-Proto="https" X-Forwarded-TlsVersion="1.3" X-WAWS-Unencoded-URL="/api/publish?type=zip&amp;async=False" X-Client-IP="124.40.247.145" X-Client-Port="53290" >
  <step title="OneDeploy" date="2025-12-04T11:29:07.952" >
    <step title="None repository commit" date="2025-12-04T11:29:07.967" >
      <step title="Commit id: 0bcd707e-e4e6-417f-bbbd-f0a89e755690" date="2025-12-04T11:29:07.973" Message="N/A" AuthorName="N/A" AuthorEmail="N/A" /><!-- duration: 5ms -->
    </step><!-- duration: 15ms -->
    <step title="Starting PushDeployAsync" date="2025-12-04T11:29:07.986" /><!-- duration: 33ms -->
    <step title="Writing artifact to /tmp/zipdeploy/45508d5c-0409-497a-94d8-0f586853900a.zip" date="2025-12-04T11:29:08.060" >
      <step title="Writing multipart request body to /tmp/zipdeploy/45508d5c-0409-497a-94d8-0f586853900a.zip" date="2025-12-04T11:29:08.065" /><!-- duration: 7ms -->
    </step><!-- duration: 157ms -->
    <step title="Removing previous build artifact&apos;s manifest file" date="2025-12-04T11:29:08.241" >
      <step title="Attempting to fetch target branch HEAD" date="2025-12-04T11:29:08.260" /><!-- duration: 4ms -->
      <step title="Acquiring Deployment Lock" date="2025-12-04T11:29:08.269" /><!-- duration: 4ms -->
      <step title="Acquired Deployment Lock" date="2025-12-04T11:29:08.316" /><!-- duration: 3ms -->
      <step title="Performing fetch based deployment" date="2025-12-04T11:29:08.328" >
        <step title="Creating temporary deployment" date="2025-12-04T11:29:08.334" /><!-- duration: 135ms -->
        <step title="Releasing Deployment Lock" date="2025-12-04T11:29:09.680" /><!-- duration: 6ms -->
        <step title="Cleaning up temp folders from previous zip deployments and extracting pushed zip file /tmp/zipdeploy/45508d5c-0409-497a-94d8-0f586853900a.zip (0.36 MB) to /tmp/zipdeploy/extracted" date="2025-12-04T11:29:09.718" >
          <step title="ChmodRecursive Process exited with total time taken in ms: 116" date="2025-12-04T11:29:09.960" /><!-- duration: 11ms -->
        </step><!-- duration: 259ms -->
        <step title="None repository commit" date="2025-12-04T11:29:09.983" >
          <step title="Commit id: 0bcd707e-e4e6-417f-bbbd-f0a89e755690" date="2025-12-04T11:29:09.992" Message="OneDeploy" AuthorName="N/A" AuthorEmail="N/A" /><!-- duration: 4ms -->
        </step><!-- duration: 17ms -->
        <step title="Deployment timer started" date="2025-12-04T11:29:12.013" >
          <step title="DeploymentManager.Deploy(id:0bcd707e-e4e6-417f-bbbd-f0a89e755690)" date="2025-12-04T11:29:12.020" >
            <step title="Collecting changeset information" date="2025-12-04T11:29:12.047" /><!-- duration: 91ms -->
            <step title="Updating submodules" date="2025-12-04T11:29:12.145" /><!-- duration: 1176ms -->
            <step title="Determining deployment builder" date="2025-12-04T11:29:13.600" >
              <step title="Builder is OryxBuilder" date="2025-12-04T11:29:13.628" /><!-- duration: 26ms -->
            </step><!-- duration: 58ms -->
            <step title="PreDeployment: context.CleanOutputPath False" date="2025-12-04T11:29:13.697" >
              <step title="PreDeployment: context.OutputPath /home/site/wwwroot" date="2025-12-04T11:29:13.856" >
                <step title="Building" date="2025-12-04T11:29:14.051" >
                  <step title="Executing external process" date="2025-12-04T11:29:14.577" type="process" path="bash" arguments="-c &quot;oryx build /tmp/zipdeploy/extracted -o /home/site/wwwroot --platform python --platform-version 3.11 -p virtualenv_name=antenv --log-file /tmp/build-debug.log  -i /tmp/8de33285a1be05f --compress-destination-dir | tee /tmp/oryx-build.log ; exit $PIPESTATUS &quot;" /><!-- duration: 156171ms -->
                  <step title="Using PythonDeploymentLogParser" date="2025-12-04T11:31:51.291" /><!-- duration: 5ms -->
                  <step title="Modified file to trigger a restart of the app container." date="2025-12-04T11:31:52.670" /><!-- duration: 10ms -->
                  <step title="Skip function trigger and logicapp sync because function is not enabled." date="2025-12-04T11:31:52.693" /><!-- duration: 7ms -->
                </step><!-- duration: 159717ms -->
              </step><!-- duration: 159920ms -->
              <step title="Cleaning up temp files" date="2025-12-04T11:31:53.778" /><!-- duration: 2783ms -->
              <step title="Cleaning up temp files" date="2025-12-04T11:31:56.571" /><!-- duration: 506ms -->
              <step title="Reloading status file with latest updates" date="2025-12-04T11:31:57.111" >
                <step title="WebHooksManager.PublishEventAsync: PostDeployment" date="2025-12-04T11:31:57.115" /><!-- duration: 102ms -->
              </step><!-- duration: 110ms -->
              <step title="Cleaning up temporary deployment - fetch deployment was successful" date="2025-12-04T11:31:57.228" /><!-- duration: 3ms -->
            </step><!-- duration: 163593ms -->
          </step><!-- duration: 165294ms -->
          <step title="Outgoing response" date="2025-12-04T11:31:57.343" type="response" statusCode="200" statusText="OK" /><!-- duration: 5ms -->
        </step><!-- duration: 165339ms -->
